Transcript.ID,Cluster,Med8_Wt,Med8_med16D,Med5_Wt,Med5_med16D,noTag_Wt,noTag_med16D
YAL013W,Med16_up,-1.844884785,-0.97262331,-2.285989722,-0.207433329,-0.144147222,-0.10648292
YAL015C,Med16_up,0.557765773,0.800445063,0.410155164,0.086428015,0.163742675,0.174198334
YAL017W,Med16_up,2.272875571,1.838112021,1.112824203,0.012284707,0.004555845,-0.097930408
YAL028W,Med16_up,1.326504206,1.030264635,1.33426112,0.073181891,-0.206845376,-0.0705838
YAL032C,Med16_up,0.575001406,0.58881442,0.279647516,-0.005823183,-0.00404173,-0.173606232
YAL034C,Med16_up,2.14690751,1.105943318,1.622836765,0.167676353,0.067339358,0.157454082
YAL038W,Med16_down,3.50379194,2.918760841,2.571798547,0.052493347,-0.465246203,-0.001466954
YAL039C,Med16_up,-0.548298952,0.05417737,-1.310263016,-0.129360041,-0.057100407,-0.306832015
YAL040C,Med16_up,2.693664332,2.651958144,1.808595724,0.26041862,0.122759608,0.067710823
YAL042W,Med16_up,1.075983453,1.105054347,0.790816984,0.115098117,-0.061208514,-0.037902641
YAL054C,Med16_up,-0.840551009,-0.881702399,-0.256793122,0.039531276,0.012002768,0.137107724
YAL061W,Med16_up,1.046709457,-0.061084116,0.725598788,0.070888872,-0.215028697,-0.014421121
YAL062W,Med16_up,-1.086110156,-0.508066401,-1.457579677,-0.157089962,0.18221871,-0.172647325
YAL067C,Med16_down,1.052547042,1.218973028,0.966688167,0.076244944,0.076888859,0.075318512
YAR014C,Med16_up,1.815830448,2.25288973,1.085453768,-0.144246356,-0.299987815,-0.133924251
YAR018C,Med16_up,1.550811586,1.619991759,1.138391572,-0.106046393,-0.250219193,-0.221356988
YAR019C,Med16_up,0.657315665,0.632157618,0.264012728,0.023557506,0.008377653,0.130935229
YAR042W,Med16_up,1.150242337,1.104895494,0.77725512,0.173226859,0.157670458,0.338630638
YBL007C,Med16_up,2.207879699,2.063926594,1.66742707,0.268558344,0.220222235,0.114068453
YBL011W,Med16_up,1.422715221,1.210169523,1.04560421,-0.054942348,-0.205702603,-0.042754312
YBL013W,Med16_up,-0.423365194,0.039551447,-0.464693777,0.077891608,0.141628441,0.253772721
YBL014C,Med16_up,1.08432991,1.16244317,0.645790557,0.08330872,0.064542066,0.15829923
YBL015W,Med16_up,1.363024932,0.904866957,0.905530338,0.119717716,0.123049581,0.169868851
YBL019W,Med16_up,0.262345789,0.172188256,0.219047708,-0.085678825,-0.206522566,-0.172478788
YBL020W,Med16_up,0.943947174,1.103606629,0.518989295,0.204677988,0.334680897,0.567259275
YBL030C,Med16_up,2.651203028,1.983156029,1.922848783,-0.019747714,-0.101950648,-0.128664184
YBL045C,Med16_up,2.58203895,1.990824104,1.737655873,0.022882501,-0.27799707,-0.151519736
YBL049W,Med16_up,-0.198114245,-0.300067198,-0.247992539,-0.021674925,0.147811226,0.096221871
YBL066C,Med16_up,1.332902122,1.555078149,0.83856381,0.058440184,0.010559952,0.151719598
YBL099W,Med16_up,2.926432327,2.456575999,2.082323327,0.190018293,0.202542227,0.187634986
YBR008C,Med16_down,2.560422576,2.75539167,2.73910031,0.415578433,-0.018831378,-0.037068304
YBR009C,Med16_up,1.871213461,1.489200471,2.346709091,0.162900552,-0.453479462,-0.331346233
YBR016W,Med16_up,0.753149092,0.785266463,0.730494206,0.228123166,-0.027325022,0.043356371
YBR021W,Med16_up,-0.455048047,-0.562833672,-0.267378526,-0.330919132,-0.364258397,-0.218149196
YBR023C,Med16_up,1.777943484,1.814737183,1.145690101,0.05733606,0.083896823,0.199018613
YBR024W,Med16_up,0.285360292,0.1951362,0.236508589,0.086003509,0.145145719,0.067925111
YBR033W,Med16_up,0.670146547,0.626503498,0.450826439,0.015905989,0.178279035,0.210709245
YBR037C,Med16_up,0.106319604,0.03688911,0.558738801,0.277166503,-0.006839326,0.1336589
YBR039W,Med16_up,1.728503026,1.640674901,1.154348617,0.076622524,-0.061495604,-0.014306098
YBR044C,Med16_up,0.392771649,0.141902651,0.127054259,0.056395368,0.035332739,0.062429039
YBR050C,Med16_up,-0.48498395,-0.96554339,-0.545225111,-0.170520124,-0.012399666,-0.109154708
YBR053C,Med16_up,-0.783498817,-0.159762177,-0.632985831,-0.075753911,-0.116485696,-0.149440726
YBR054W,Med16_up,0.257876734,-1.558524789,-0.042869454,-0.24541129,-0.204698348,-0.129228923
YBR059C,Med16_up,1.116665484,0.994651671,0.842740206,0.116736645,-0.118967461,-0.058639112
YBR066C,Med16_up,0.21002838,0.949306423,0.140782134,-0.238150702,-0.284040397,-0.192850859
YBR067C,Med16_up,3.330219555,1.710818398,3.181050067,0.298905867,-0.243375902,-0.151179611
YBR068C,Med16_down,3.421642965,1.935704915,3.038238028,0.277007609,-0.451337415,0.122869656
YBR072W,Med16_up,2.947950471,0.839963933,2.210762699,0.085519906,-0.050628637,0.039896324
YBR084W,Med16_up,0.207308345,0.226770207,0.255554307,0.005271144,0.154246794,0.160053808
YBR085W,Med16_up,0.859950075,0.964685893,1.116482056,0.227080736,-0.051199224,0.360991823
YBR093C,Med16_down,-0.048724045,-0.567042075,-0.128074266,-0.179119157,-0.063673288,-0.147472165
YBR101C,Med16_down,3.457596908,1.824967561,3.539536697,0.098493471,-0.073348947,0.080280308
YBR108W,Med16_up,1.766812986,1.626762397,0.982736064,-0.12182198,-0.1073259,0.092872041
YBR115C,Med16_down,0.821116911,0.43732595,0.479377251,-0.051026405,-0.140968704,-0.097443429
YBR132C,Med16_up,2.759398996,1.304126542,2.28377867,0.275131371,0.294890081,0.116201699
YBR148W,Med16_up,-2.93704293,-2.244889745,-2.229278772,-0.09632958,0.005138853,-0.058956615
YBR150C,Med16_up,2.403690053,2.27360124,2.394747563,0.682759911,0.272356797,0.513060677
YBR156C,Med16_up,0.967463134,1.032052347,0.625734208,-0.101085522,0.073433511,-0.164744147
YBR157C,Med16_up,2.422874426,1.118112542,1.93893673,0.086438879,-0.301296043,-0.306019491
YBR158W,Med16_down,2.84904895,2.102389789,2.062412943,0.083458626,-0.076617483,-0.088847621
YBR161W,Med16_up,1.553717954,1.109112665,1.00510793,-0.108702388,-0.273863869,-0.05452784
YBR169C,Med16_down,3.443319394,1.665632076,3.166911969,0.077791823,-0.090953624,0.029632943
YBR172C,Med16_up,2.48143051,2.69978611,1.619910763,0.211570398,0.018390764,0.051466934
YBR177C,Med16_down,1.504630804,0.749248234,0.966755854,-0.23861922,-0.369212003,-0.250392721
YBR186W,Med16_up,-0.652932144,-0.858670436,-0.514771321,0.118785895,0.085283805,-0.014639606
YBR197C,Med16_up,-1.036795584,-0.505286309,-1.037341304,-0.055412715,0.285133478,0.124153499
YBR201C-A,Med16_up,0.474735806,0.320665009,0.498518504,-0.07521103,-0.234072273,-0.151094295
YBR203W,Med16_up,1.000976736,0.332124517,0.532242348,-0.096212005,-0.193917437,-0.181044708
YBR214W,Med16_up,2.263160296,1.34636447,1.733019276,0.148433871,0.082978735,0.094152241
YBR222C,Med16_up,-1.062059221,-0.91288817,-0.714125695,0.13586522,-0.012019165,0.008531669
YBR230C,Med16_up,1.119976448,0.056960495,1.044366348,-0.005380938,-0.012968549,0.04100035
YBR230W-A,Med16_up,1.778381643,0.587047673,1.223763063,-0.106584719,-0.147681437,-0.035608517
YBR231C,Med16_up,-0.880603049,-0.588091583,-1.115152206,-0.461414082,-0.31232095,-0.446671765
YBR238C,Med16_up,2.231746468,2.303354894,1.714491053,0.079401003,-0.190996762,-0.121823943
YBR239C,Med16_up,0.071393139,0.190629914,0.065292946,-0.110501274,-0.247420407,-0.081840249
YBR240C,Med16_up,0.048984812,-0.326943722,-0.059947945,-0.052747964,-0.05163541,-0.077887761
YBR241C,Med16_up,0.849314517,0.834163793,0.434667349,-0.285541815,-0.456910047,-0.32379929
YBR244W,Med16_down,2.508164936,1.338184813,2.073440052,0.105934002,0.118220797,0.048513758
YBR258C,Med16_up,1.023839843,1.015069576,0.691297195,0.085683067,0.127288594,-0.086997383
YBR270C,Med16_up,-0.791325322,-0.61743444,-0.70286267,-0.069526084,-0.050837008,0.089637164
YBR291C,Med16_down,0.549951902,0.681118166,0.587449283,-0.099709449,-0.011456218,-0.058919292
YBR294W,Med16_down,-0.439260522,-0.256832482,-0.187350874,0.054346499,0.08146975,0.177154598
YBR296C,Med16_down,0.619385758,0.26016191,0.717152301,0.161396718,0.170780343,0.167329197
YBR296C-A,Med16_up,0.740664614,0.853298373,0.602447676,0.191985162,0.112632123,0.058260826
YBR298C,Med16_up,2.183200763,1.376305056,1.45138738,0.099615802,0.110838319,-0.096492244
YCL018W,Med16_up,-0.20210701,-0.295843581,-0.239366416,-0.416868336,-0.450897319,-0.357534615
YCL021W-A,Med16_up,-0.088368588,-0.155292845,-0.147904096,-0.12221839,-0.075562755,-0.147019606
YCL024W,Med16_up,0.909313939,0.693095832,0.815297861,0.101761423,0.041413582,0.085310881
YCL026C-A,Med16_down,-0.35123398,-0.399132805,-0.120546688,-0.010163654,-0.057996517,-0.001412279
YCL026C-B,Med16_down,0.8200551,0.593242437,0.740449363,-0.171204884,-0.209299347,-0.257356426
YCL027W,Med16_up,1.559884606,1.207861673,1.277311823,-0.057191235,-0.106886731,-0.075939308
YCL030C,Med16_down,1.873250711,0.851705591,2.079712384,0.154158384,-0.078839501,0.017609984
YCL032W,Med16_up,1.401844239,1.268351621,0.901084708,0.10992193,0.131516479,0.263007644
YCL033C,Med16_up,1.246925734,1.204703376,0.692282053,0.058500849,0.103640085,0.01028144
YCL038C,Med16_up,0.857837926,0.873352157,0.423346744,-0.203099207,-0.360746233,-0.233683478
YCL039W,Med16_up,1.426768035,1.227720893,1.1716226,0.092093521,0.195234268,0.090487089
YCL048W,Med16_up,-0.048062733,-0.195842365,0.065442594,0.080046742,0.004094102,-0.123592821
YCL049C,Med16_up,1.468770817,1.55699546,0.806054222,0.070600126,0.127607823,0.074401858
YCL055W,Med16_up,1.894180715,1.726402723,1.174175782,-0.081953001,-0.270916894,0.109622362
YCL057C-A,Med16_up,1.670207761,1.600418129,1.348582621,0.218458503,-0.088004858,0.017362743
YCR012W,Med16_down,4.082085121,2.277226946,3.799282598,0.300157929,-0.110915403,0.153974223
YCR017C,Med16_up,2.132261729,2.259374661,1.437901467,-0.009037262,-0.146782358,0.015590426
YCR018C,Med16_down,-2.512754435,-2.923650734,-2.398253695,-1.923860938,-2.090324012,-1.847384619
YCR020C,Med16_up,1.133580667,0.969200077,0.837864579,0.097371396,-0.061021686,0.103093137
YCR024C,Med16_up,0.17393633,0.288524207,0.402611446,-0.014804097,-0.062683635,-0.103644145
YCR026C,Med16_up,-0.32580264,0.157159842,-0.458326803,-0.292015704,-0.299782156,-0.448427817
YCR030C,Med16_up,2.588772337,2.349736328,1.953604886,0.272174658,-0.034989672,-0.090034812
YCR046C,Med16_up,0.403710887,0.50684049,0.297104744,0.023042425,-0.039839985,0.04598241
YCR048W,Med16_up,1.374522941,1.185398491,0.914314593,0.152131541,0.009137574,0.104308483
YCR060W,Med16_up,0.100766096,0.350009274,-0.116815197,-0.163827279,-0.137393602,-0.06696019
YCR063W,Med16_up,-0.221000624,0.190172951,-0.060501607,1.15675456,1.544818962,1.458355845
YCR076C,Med16_up,-0.320464606,-0.092715191,-0.20806366,-0.251301718,-0.279778936,-0.097906492
YCR079W,Med16_up,1.932055109,1.420685374,1.418343216,0.319956953,0.222357648,0.239062523
YCR091W,Med16_up,1.103489888,0.910782743,0.786950558,0.137433576,0.136010407,0.265195533
YCR100C,Med16_up,-0.002498884,0.030462851,0.070422027,-0.145830726,-0.032725814,-0.007697046
YCR102C,Med16_down,1.322915944,1.430673406,1.518305571,0.327003817,0.050851243,-0.000325549
YDL004W,Med16_up,1.095874444,0.88085719,0.688569523,-0.232101027,-0.328676623,-0.167467609
YDL005C,Med16_up,1.565349012,1.407039638,1.273019359,-0.027187319,-0.099230468,-0.081793802
YDL012C,Med16_up,1.93619488,1.596712012,1.571013581,0.068534658,0.080542841,0.029475715
YDL017W,Med16_up,1.650577863,1.565383214,1.061677535,-0.195104249,-0.203273435,-0.174795288
YDL021W,Med16_up,0.413210995,0.548734473,0.356693115,0.231113792,0.085987866,0.188698763
YDL024C,Med16_up,-0.018534057,0.265351947,0.287078874,0.455456839,0.498593631,0.322154757
YDL025C,Med16_up,1.399409963,1.19901132,1.205513304,0.201465522,0.12888607,0.212581304
YDL035C,Med16_up,1.634541652,1.651848576,1.121978669,-0.033800908,-0.136580008,-0.196548118
YDL037C,Med16_up,0.773787325,0.307305386,0.435934616,-0.206240105,-0.274522268,-0.342624308
YDL039C,Med16_up,-0.291901217,-0.149933986,-0.24245546,0.107938152,0.282130062,0.128944222
YDL042C,Med16_up,-0.178902029,-0.265319527,-0.037640031,-0.050991141,-0.00053097,0.232812305
YDL048C,Med16_up,1.541913664,1.255766469,0.919151303,-0.052766264,-0.085447022,0.110307567
YDL049C,Med16_up,1.565177208,1.340117605,1.116015602,-0.010246212,-0.078022825,0.110199027
YDL055C,Med16_down,3.30252204,2.923855895,2.642920868,0.334482232,0.071469994,0.253902282
YDL066W,Med16_up,3.746010513,2.8456159,3.287618466,0.278893241,-0.026763486,0.078733276
YDL067C,Med16_up,1.501769244,0.751218844,1.592448621,-0.077199129,-0.141300089,-0.104499372
YDL070W,Med16_down,2.651986284,1.986866271,2.02589643,0.262011229,0.050947478,0.28943603
YDL079C,Med16_up,-0.439741401,-0.604384539,-0.483949158,-0.037497256,-0.023892559,0.119012698
YDL085W,Med16_up,-1.899607325,-2.139881928,-1.480905689,-0.088533312,0.198429294,0.135018316
YDL087C,Med16_up,-0.116761917,-0.050293166,0.149391045,0.087629637,0.14102848,0.186985215
YDL093W,Med16_up,0.095578612,0.301085021,0.106844112,-0.094967155,-0.13338123,-0.256085529
YDL102W,Med16_up,1.842233957,1.76700184,1.290583011,0.118757515,0.174622798,0.19183706
YDL104C,Med16_up,-0.520858244,-0.188859948,-0.415648097,0.026895638,-0.039417152,-0.044123546
YDL110C,Med16_up,0.925645859,0.070439311,0.62906736,-0.054655392,-0.007826162,-0.124610862
YDL124W,Med16_down,2.163494694,0.651060498,2.042185863,-0.138786765,-0.446814466,-0.018096911
YDL127W,Med16_up,1.633542475,1.673575892,1.603268754,0.181625182,-0.174498226,-0.161790078
YDL130W-A,Med16_up,0.512620347,0.435847325,0.169739602,-0.186590568,-0.226109941,-0.277237666
YDL138W,Med16_up,-1.102979451,-1.35237458,-0.735041686,-0.240636317,-0.139877081,-0.151264004
YDL144C,Med16_up,-0.021007809,0.098817438,-0.119299215,0.045672854,0.007838516,0.105376806
YDL156W,Med16_up,0.41745414,0.433938536,0.338795042,-0.10751493,-0.175352338,-0.229217197
YDL173W,Med16_up,2.174919727,1.967469688,1.742863596,0.480727631,0.375487502,0.556646625
YDL174C,Med16_up,0.42644327,0.27996175,0.470668355,0.212819254,0.222385738,0.327959505
YDL175C,Med16_up,2.200577638,2.290896262,1.524582224,0.157381757,-0.089862611,0.22080529
YDL176W,Med16_up,2.194053991,2.392768059,1.608383161,0.076064142,-0.048078485,-0.093926473
YDL177C,Med16_up,1.866003274,1.939676181,1.335381292,0.077885138,-0.109948647,-0.098533845
YDL179W,Med16_down,0.818365844,0.035719528,0.688076418,0.035365015,0.009010865,0.173860462
YDL181W,Med16_up,0.050453573,0.311582454,-0.436737101,0.044076968,-0.065709425,0.061406364
YDL182W,Med16_down,0.131854604,0.154576542,0.949860299,0.071972657,-0.15168385,0.004035752
YDL183C,Med16_up,-1.616616224,-1.56672125,-2.005052288,-0.550197386,-0.191404218,-0.426600737
YDL194W,Med16_up,-0.057385128,0.060028891,-0.202881314,0.022020958,-0.106862941,0.11491231
YDL198C,Med16_down,1.586851084,1.258327751,1.666702195,0.094338065,-0.035222566,-0.16512439
YDL199C,Med16_up,0.552756637,0.192196901,0.332953831,0.014573984,-0.133387237,0.217590881
YDL233W,Med16_up,0.746708938,0.670151745,0.604644096,-0.11677407,-0.061847698,-0.187086938
YDL241W,Med16_up,0.778558568,0.864645388,0.688991191,-0.198555622,-0.277715115,-0.180057055
YDR009W,Med16_up,-3.751018876,-2.330867883,-3.46478309,-0.537380494,-0.059234251,-0.229116157
YDR011W,Med16_down,4.8471887,3.25303535,4.325146376,0.73505918,0.258976071,0.338421528
YDR014W,Med16_up,1.104003614,1.283787122,0.700066517,0.145418224,0.170458085,0.133738215
YDR018C,Med16_up,-0.722069866,-0.738387646,-0.421556144,0.063871418,0.114077699,0.154236172
YDR030C,Med16_up,-1.431434001,-1.30948852,-1.184679953,-0.131618648,0.01558441,0.051722295
YDR044W,Med16_up,1.994767451,1.945438956,1.533862924,-0.059694913,-0.265308311,-0.158999274
YDR046C,Med16_down,3.01901924,2.037830129,2.534897363,-0.025482638,-0.326670836,-0.034105395
YDR050C,Med16_down,3.745916589,2.482197763,2.885170201,0.005261846,-0.44757301,-0.122414323
YDR052C,Med16_up,1.569416647,1.502470997,0.995743339,-0.044245331,-0.06474706,-0.180596521
YDR061W,Med16_up,0.045823358,0.570791471,-0.00475175,-0.203503297,-0.129981045,-0.267431974
YDR073W,Med16_down,1.420156252,0.410714813,1.205758397,-0.201938401,-0.20769983,-0.274842851
YDR074W,Med16_up,2.664928623,1.894358242,1.736447378,0.033940574,-0.24277248,-0.058366363
YDR076W,Med16_up,-1.787477702,-0.952369497,-1.678492294,-0.239228283,0.073725752,-0.108623751
YDR085C,Med16_up,0.02863416,0.018379767,0.087842599,0.032525638,0.125640858,0.063567667
YDR088C,Med16_up,1.477809554,0.963933261,1.746801507,1.03503621,1.146916425,1.113826215
YDR104C,Med16_up,0.482498874,0.610129548,0.445258808,-0.114576574,-0.095968709,0.082448265
YDR111C,Med16_up,2.193096314,1.426329305,1.705753949,0.231108131,0.21614417,0.111728173
YDR126W,Med16_up,-3.061006371,-2.292000728,-2.639137035,-0.21831829,0.038425671,0.047886967
YDR132C,Med16_down,0.931131077,0.812379758,1.175860841,0.104732184,0.39760211,-0.032029957
YDR135C,Med16_down,1.488768887,2.808148701,1.654161403,0.263297171,0.208305907,0.106822595
YDR137W,Med16_up,1.995273827,1.484486911,2.003850594,0.267465651,0.251681535,0.209215353
YDR148C,Med16_up,2.964267048,2.447289481,2.145986138,0.18738132,0.163354699,0.056785825
YDR154C,Med16_down,2.760324153,1.888339812,2.35260204,0.315028148,0.177261218,0.256655737
YDR155C,Med16_down,2.976792092,2.190780389,2.854129234,0.039732757,-0.403382378,-0.152049195
YDR171W,Med16_down,4.284541408,1.083753015,4.05996699,0.250152265,0.113757903,0.318293673
YDR178W,Med16_up,2.46414403,2.104188255,1.740322045,0.035039713,-0.116501466,0.051991237
YDR191W,Med16_up,2.878738823,3.066734558,2.172661297,0.178075006,0.127497784,0.176766311
YDR207C,Med16_up,1.550326701,1.439480808,1.331489286,0.301424885,0.380975385,0.319544682
YDR214W,Med16_down,2.591108427,1.79315853,2.072426836,-0.185469593,-0.410861241,-0.386592218
YDR231C,Med16_up,1.776030908,1.634850188,1.322077515,0.092861618,-0.134481159,-0.141522834
YDR232W,Med16_up,2.586683071,2.262683992,1.905333656,0.359219507,0.029799042,0.132520008
YDR248C,Med16_down,0.236366686,0.176501702,0.341593992,0.148976545,0.110106471,-0.020732545
YDR252W,Med16_up,0.658467818,0.600810331,0.422868504,-0.092754744,0.064398906,-0.021479864
YDR258C,Med16_down,3.47610612,1.280231124,3.627998385,0.223443172,-0.021608101,0.1489931
YDR259C,Med16_up,-1.869903704,0.130426053,-2.482583754,-0.266040046,-0.087577817,-0.178262108
YDR273W,Med16_up,-1.38601058,-1.31413741,-0.962457469,-0.234592036,-0.27629255,-0.218610229
YDR281C,Med16_down,0.489299571,0.238603654,0.311764978,-0.012043709,-0.134486074,0.020012315
YDR282C,Med16_up,0.440935539,0.501588654,0.278738251,-0.015734721,0.093579364,0.076411584
YDR298C,Med16_up,1.856076994,1.800427536,1.242458959,0.174972602,0.118467486,0.125591054
YDR309C,Med16_up,2.460053753,2.479687377,2.274973624,0.23169222,-0.208542634,5.20E-05
YDR320C,Med16_up,-0.005142688,0.149535393,-0.092220153,0.01627019,0.118086242,0.033777359
YDR322C-A,Med16_up,0.672609557,0.605410807,0.420582736,0.046670402,0.008915531,0.083817675
YDR323C,Med16_up,-0.977610117,-0.516714083,-0.682989164,-0.00424353,-0.047478709,-0.018838815
YDR342C,Med16_up,3.183314262,1.439576724,1.77991253,-0.259975463,-0.537645675,-0.319002468
YDR343C,Med16_up,0.464579102,1.251654414,0.394317895,0.06420972,-0.004645029,-0.163203771
YDR353W,Med16_down,2.372090745,1.957553049,1.839822872,0.098345619,-0.062167343,-0.001531999
YDR358W,Med16_up,2.27312202,1.95853946,1.798726026,0.104398543,-0.133120295,0.087398031
YDR380W,Med16_down,-2.491905149,-0.917179484,-1.330892771,-0.074011307,0.02983696,-0.092654671
YDR399W,Med16_down,1.458475345,0.804596394,0.985447364,-0.069978666,-0.145543831,-0.216723124
YDR400W,Med16_up,0.565555351,1.27401166,0.36886147,0.062682705,0.120471105,0.036960426
YDR405W,Med16_up,-1.31349581,1.724892079,-0.984579578,-0.068896462,-0.07283553,-0.129909192
YDR436W,Med16_up,0.833558972,0.547516127,0.56367902,0.092373961,0.045409985,0.160816588
YDR437W,Med16_up,0.907730649,0.904182657,0.68280831,-0.061510367,-0.195119979,-0.169219298
YDR476C,Med16_up,-0.120553324,0.472061095,-0.196919296,0.076460079,0.031189087,0.12306172
YDR482C,Med16_up,-0.653393544,-0.293987111,-0.634181144,-0.091539108,-0.284801808,-0.257423606
YDR488C,Med16_up,-0.11668589,0.189561935,-0.812016473,0.027588998,0.227734655,0.083732795
YDR490C,Med16_up,0.918702243,0.924343514,0.893207303,0.154934961,-0.036547342,0.077059572
YDR502C,Med16_down,3.035231633,2.133235562,2.287102329,0.072900724,0.005128859,0.137636117
YDR506C,Med16_up,-0.93750226,-0.671936683,0.047896517,0.873130001,1.201801471,0.886634894
YDR507C,Med16_up,1.813085745,2.100590888,1.339294075,-0.039619362,-0.113929201,-0.171053842
YDR513W,Med16_down,2.899488115,2.379921689,2.406388828,0.105944111,-0.075793948,-0.000437931
YDR518W,Med16_up,0.61393226,0.176958004,0.704618404,0.105646584,0.176870592,0.028473029
YDR528W,Med16_up,2.162432022,1.818540961,1.521543683,-0.02569076,-0.175489672,-0.25530517
YDR529C,Med16_up,1.948225314,1.632982433,1.510165615,0.340168156,0.091213853,0.129543835
YDR530C,Med16_up,-0.602709536,-0.417406849,-0.68348692,-0.427536649,-0.314758736,-0.321205611
YDR533C,Med16_down,1.533371056,0.642249984,1.378621911,-0.0325489,-0.165389216,-0.107056014
YDR534C,Med16_up,-0.023184656,-0.015714481,-0.01763883,-0.165566968,-0.173937878,-0.081414729
YEL011W,Med16_up,1.338436724,0.06793112,0.346769926,-0.816154167,-0.91157081,-0.712431121
YEL020C,Med16_up,0.454627188,0.402430342,0.31858732,-0.020034378,-0.013403198,0.044256935
YEL024W,Med16_up,2.042584806,1.744212715,1.705741629,0.226581745,0.142907019,0.166312886
YEL025C,Med16_up,1.60176606,1.245632895,0.948281226,0.033270114,-0.006740392,0.067769617
YEL032W,Med16_up,0.761490124,0.165867229,1.51973115,1.068113233,1.16025588,1.31050178
YEL033W,Med16_down,0.540744344,0.45653018,-0.579990444,-0.712649498,-0.694040256,-0.922538159
YEL034W,Med16_down,3.187041377,2.577891892,2.926550215,0.792401427,-0.063201048,0.395423094
YEL036C,Med16_up,-0.498794452,-0.438867633,-0.321446141,-0.338708074,-0.274060293,-0.187927829
YEL046C,Med16_down,4.029463719,3.23360287,3.800129385,0.547715973,0.117299404,0.344220165
YEL066W,Med16_up,-0.427897836,0.103987839,-0.785854888,0.095497352,0.050119959,0.168884085
YER014W,Med16_up,0.173793152,0.461971229,-0.089547448,-0.059815668,-0.168970653,-0.098587074
YER017C,Med16_up,1.901431167,1.83138423,1.430833237,-0.193533565,-0.319743096,-0.170624037
YER034W,Med16_up,-1.714782261,-1.061729232,-1.575683619,-0.24865769,-0.080295083,-0.009790594
YER037W,Med16_down,2.224772591,1.555655768,2.675041642,0.469724262,0.121234945,0.279975074
YER042W,Med16_down,1.822230363,1.393038732,1.455123822,0.091990505,0.013906077,0.082473011
YER044C-A,Med16_up,-2.541840139,-2.067401794,-2.008051364,-0.118388328,0.07474777,-0.076160308
YER045C,Med16_up,1.694205289,1.693942068,1.375747935,0.031673361,-0.055453289,-0.079493011
YER051W,Med16_up,2.46071953,2.548072446,1.57273064,0.190118399,0.08339135,0.063258473
YER052C,Med16_down,3.853000072,2.459528761,3.353605476,0.130728421,-0.158512451,-0.078160314
YER053C,Med16_up,1.555296706,1.186663935,0.917001831,-0.035486675,-0.071160236,0.074816018
YER054C,Med16_up,0.619067023,0.160848897,0.229809651,-0.031242107,0.038617229,0.011025441
YER062C,Med16_up,1.579493948,0.759373284,1.051236133,-0.10056148,-0.139642546,-0.104504968
YER065C,Med16_up,-0.012625535,-0.336108161,-0.110252571,0.199673462,0.238254774,0.060886561
YER066W,Med16_up,0.250638896,0.130442564,0.094118457,0.040636438,0.050071507,0.166110788
YER079W,Med16_up,1.699278346,1.242887889,1.377085869,0.158352141,-0.003916839,0.18739512
YER086W,Med16_up,0.784981842,1.030150337,0.523797023,0.034692284,-0.018118672,0.131611494
YER091C,Med16_down,3.064671207,2.143264027,2.30998465,-0.083625311,-0.296816928,-0.162183199
YER098W,Med16_up,1.702285671,1.376485237,1.85340592,0.975557805,1.175285343,1.078850309
YER101C,Med16_up,1.320227539,1.020217954,0.805076413,0.123157532,0.13184293,0.170233364
YER111C,Med16_up,1.839723753,1.50636683,1.459694643,0.21131486,0.216007407,0.399967739
YER124C,Med16_down,3.038878162,2.03085839,2.658607704,0.208013536,0.18348264,-0.009590388
YER137C,Med16_up,1.871522667,1.851521288,2.432107941,2.108246152,2.354845557,2.476708312
YER138W-A,Med16_down,0.15568634,0.218246915,0.74035268,0.458115346,0.275770283,0.749695761
YER139C,Med16_up,1.011490619,1.204897048,0.699260744,-0.11716144,-0.013452898,-0.089190066
YER140W,Med16_up,-1.613572975,-1.233057374,-1.324807772,-0.217595935,-0.111038041,-0.097107825
YER144C,Med16_up,1.535222665,2.289465746,1.057846943,0.157650392,0.225294263,0.122615862
YER150W,Med16_up,1.539074836,0.529326026,1.330662498,0.197318991,0.247405791,0.126715018
YER158C,Med16_up,2.428472058,1.608015263,1.827911206,0.27894177,0.135835109,0.113382222
YER169W,Med16_up,-0.468327991,-0.426397009,-0.028842395,0.029180869,-0.001401295,0.09682953
YER178W,Med16_up,3.265602902,2.950145978,2.49366952,0.216426018,-0.04158048,0.070974654
YFL004W,Med16_down,3.229646341,2.281584487,2.722147689,-0.011738484,-0.080888587,0.10339697
YFL014W,Med16_up,1.483427716,0.395863575,1.217455403,0.166790132,0.244013619,0.390010834
YFL018C,Med16_up,1.580308381,1.357855058,0.692899847,-0.872821007,-1.160517881,-1.139121771
YFL024C,Med16_up,0.966948808,1.189398649,0.983036625,-0.014348163,-0.119279899,0.122574967
YFL030W,Med16_up,0.032418982,-0.418925863,0.114856392,0.151202457,0.314890732,0.098850723
YFL052W,Med16_up,2.213184113,1.425835922,1.530678233,0.123860498,-0.070646391,0.015575612
YFL054C,Med16_up,0.983278572,0.833828058,0.745784423,-0.04001593,-0.162046955,-0.22726909
YFL056C,Med16_down,2.330122522,2.603140446,2.65887668,0.170981625,-0.116293285,-0.087713397
YFL059W,Med16_up,0.449989327,0.423880868,0.151165355,-0.082631476,0.001377697,0.001725525
YFR015C,Med16_up,2.577291458,0.935280683,1.95183213,0.225006933,-0.045869171,0.136672479
YFR017C,Med16_up,1.440170723,0.951901389,0.854884718,-0.280732567,-0.431086926,-0.199070096
YFR018C,Med16_up,0.17529532,0.621719479,0.187648072,0.345645002,0.373582829,0.181022156
YFR022W,Med16_up,2.198489031,1.89906371,1.424340723,-0.04512447,-0.0325901,-0.023114761
YFR033C,Med16_up,1.155021407,0.737510871,1.590057792,0.266043313,0.099600973,0.361479334
YFR034W-A,Med16_up,0.27434865,0.255328913,0.147130767,-0.01676035,-0.050523008,0.039079825
YFR036W,Med16_up,0.940436575,0.723526417,1.395638098,0.792818026,0.861633175,0.803086882
YFR049W,Med16_up,1.466817129,1.286044712,0.935857247,-0.013142779,-0.165501359,-0.099179726
YGL004C,Med16_up,0.216101938,-0.050987288,0.326674832,-0.008348524,-0.07332208,0.013842314
YGL006W,Med16_up,1.827542398,1.296220635,1.054083925,-0.081565117,-0.195257773,-0.020686051
YGL023C,Med16_up,2.00562101,1.865290609,1.741848493,0.274531017,0.024052686,0.20825545
YGL028C,Med16_down,2.566881095,1.825988235,1.915470007,-0.015160578,-0.196352274,-0.177471332
YGL035C,Med16_up,2.049743396,1.37699105,1.537053342,0.098592805,-0.096016942,-0.020185459
YGL036W,Med16_up,3.138078079,2.380915604,2.571966073,0.032045653,-0.335777908,-0.039281196
YGL039W,Med16_up,1.635752439,1.988574251,1.19663634,-0.044427048,-0.19098355,-0.097796062
YGL056C,Med16_up,0.624752214,0.761881545,0.971700106,-0.080238388,-0.643585786,-0.202753627
YGL062W,Med16_up,2.206195881,1.443861282,2.216395555,0.171985088,0.000368678,0.10406121
YGL089C,Med16_down,2.232788754,0.952596721,2.046805728,0.088931259,-0.012041342,-0.02312495
YGL096W,Med16_up,1.33343448,0.657221689,1.044869411,0.212261154,-0.003591947,0.04178176
YGL104C,Med16_up,1.20120447,0.868921481,1.035441416,0.346173979,0.126714595,0.313087367
YGL113W,Med16_up,0.69750488,0.953013267,0.602760366,0.11614436,0.174823459,-0.034703579
YGL117W,Med16_down,0.474508754,-0.856172368,0.406917394,-0.001923711,-0.007125986,-0.027839831
YGL126W,Med16_up,-0.595018131,-0.24443877,-1.229070302,0.120819181,0.457613779,0.106492743
YGL146C,Med16_up,0.160808547,-0.027127785,0.342546211,0.1835357,0.065439494,0.163950554
YGL153W,Med16_up,-0.253399881,-0.289628204,-0.108906545,-0.100390921,-0.076540789,0.016168196
YGL154C,Med16_up,1.349416222,1.344273706,0.995185211,0.199644891,-0.086228147,0.176144405
YGL156W,Med16_up,-0.41795084,0.092232106,-0.189719029,0.055187144,-0.023517493,-0.059724731
YGL158W,Med16_up,-0.764870561,-0.494721574,-0.518076061,-0.084960082,-0.086814189,-0.0662334
YGL163C,Med16_up,1.111678042,1.11652181,0.705866332,0.325788868,0.244463873,0.47248651
YGL184C,Med16_down,1.094909754,0.061990361,1.648442039,0.036318307,-0.100848236,0.073707423
YGL185C,Med16_up,-1.271302612,-0.636820682,-0.962391992,-0.10674407,-0.061289653,-0.267209255
YGL187C,Med16_up,1.077737313,0.768729093,0.521061683,-0.107520535,-0.222370312,-0.15570069
YGL188C,Med16_up,-0.701817653,-1.142660979,-1.149446713,-0.336911379,-0.062021763,-0.228257798
YGL191W,Med16_up,1.559979656,1.490951439,0.980264186,0.142196194,-0.023223788,0.055725194
YGL201C,Med16_up,1.443552214,1.491716011,1.076710623,0.003905654,-0.101981431,-0.082698858
YGL205W,Med16_up,0.487519255,0.53013339,0.080747908,-0.560922203,-0.750922503,-0.563787635
YGL212W,Med16_up,1.078586367,0.703406568,0.752149311,-0.041012963,0.030784206,-0.211180057
YGL227W,Med16_up,1.561902111,1.103442501,0.964185326,0.081858669,0.025637046,0.111894032
YGL240W,Med16_up,-1.423353797,-1.397322802,-1.085530111,0.032429166,0.141894812,0.183552551
YGL250W,Med16_up,0.710786044,0.612236,0.510133321,0.090998914,-0.020064953,-0.071200972
YGR003W,Med16_up,1.520429488,1.610581058,0.98896183,0.11627758,0.102624534,0.037576121
YGR016W,Med16_up,1.555649562,1.500427855,1.103214587,-0.014709756,-0.005441492,-0.068251458
YGR019W,Med16_up,-0.08146785,-0.290634961,-0.223249845,0.04648154,-0.023336751,-0.053990209
YGR023W,Med16_up,1.662600743,1.626248614,1.206821306,0.016568978,0.04885173,-0.15533375
YGR032W,Med16_up,0.329324319,1.03057086,0.452970907,-0.064991329,0.091181856,-0.074269117
YGR036C,Med16_up,-0.545289309,-0.052697227,-1.069544985,-0.297815507,-0.15910347,-0.130578515
YGR043C,Med16_up,1.826036261,1.368497469,1.182250422,0.065888517,0.056842189,-0.035676779
YGR046W,Med16_up,2.279040983,2.115990164,1.582247632,0.0266143,-0.064023541,0.02304759
YGR047C,Med16_up,2.231465679,2.226202681,1.623108379,0.081379844,-0.09643588,0.096534418
YGR049W,Med16_up,0.06394905,0.445988055,-0.118374463,0.075390848,0.013507139,-0.089712408
YGR050C,Med16_down,0.394781494,-0.253396047,1.081459488,-0.149890572,-0.477869613,0.015133273
YGR052W,Med16_up,1.089738904,1.068842394,0.780806324,0.044499142,-0.056302559,-0.156859255
YGR055W,Med16_down,3.47763615,2.513572897,3.02879305,-0.008546267,-0.425038533,-0.095708225
YGR059W,Med16_up,-2.832012924,-2.435560306,-2.244697245,-0.219043894,0.051238844,-0.069000626
YGR068C,Med16_up,1.38440955,1.140314999,0.351672444,-0.424440488,-0.305982202,-0.447264423
YGR070W,Med16_up,2.106776584,1.514332329,1.512643323,-0.111909685,-0.145493883,-0.143722397
YGR079W,Med16_up,0.149747819,0.020091239,0.226307585,0.019275139,-0.12328845,0.022949375
YGR087C,Med16_up,-0.933585293,0.424451583,-1.196412385,-0.121967898,-0.027545457,0.056031228
YGR097W,Med16_up,1.665662229,1.726556957,1.014635096,0.097904918,0.059412747,0.079115954
YGR108W,Med16_down,3.189710558,2.074964905,2.414959697,0.227554975,0.25085843,0.182019788
YGR110W,Med16_up,-0.221642347,-0.447753044,-0.147322174,-0.109721982,0.044752078,0.11350435
YGR121C,Med16_down,-0.082988498,-0.139211646,-0.53123385,-0.687924634,-0.711248246,-0.816792581
YGR140W,Med16_up,-1.177366458,-0.955141129,-0.752266808,0.024759128,0.127340731,0.118162403
YGR142W,Med16_down,3.672057366,1.138586966,4.014156284,0.251329319,-0.044373969,0.344268532
YGR149W,Med16_up,1.475218527,1.267273394,1.237215925,0.190200592,0.044809351,0.228451946
YGR152C,Med16_up,0.792395889,0.712037207,0.169144242,-0.64745439,-0.726065391,-0.83335143
YGR153W,Med16_up,1.534325827,1.349673066,1.076606429,-0.038783264,0.005533959,-0.058915582
YGR154C,Med16_up,3.202389809,2.272704396,2.630442853,0.074472902,-0.145094124,0.021461625
YGR155W,Med16_down,2.512801143,1.678440066,2.153842755,-0.02151847,-0.395528772,-0.153715733
YGR157W,Med16_down,3.767103556,2.551212728,3.116820523,0.042583252,-0.182512718,-0.165613975
YGR169C,Med16_up,-0.620763151,-0.573894369,-0.361825614,0.009154014,0.005375685,-0.119379528
YGR169C-A,Med16_up,1.335366802,1.434112754,1.303752382,0.050561524,-0.304842924,0.047129824
YGR182C,Med16_up,0.529143433,0.182785083,0.490916975,-0.047760155,0.0072999,-0.016679595
YGR183C,Med16_up,1.31115501,1.084521494,0.960959399,0.020029784,-0.18260927,-0.04416866
YGR191W,Med16_up,1.681767549,2.028158371,1.072186508,-0.005690377,-0.171598096,-0.004180684
YGR192C,Med16_down,3.913059832,2.868144469,3.30461717,0.045036492,-0.819322226,-0.283137528
YGR196C,Med16_up,1.130215329,1.214412807,0.656058976,0.12135624,-0.10158015,-0.027622088
YGR197C,Med16_down,1.969864961,1.412185931,2.182191462,0.010281196,0.011106284,0.13567363
YGR205W,Med16_up,1.524116347,0.561896766,1.239792058,0.141698567,0.172172231,0.333171098
YGR209C,Med16_down,2.54659368,2.097555162,2.532321073,0.178165825,-0.272827213,0.019130567
YGR211W,Med16_down,2.835595169,1.500008143,3.448243719,0.214063845,0.068509542,0.129957939
YGR223C,Med16_up,1.483654261,1.570721275,1.099078823,0.067127497,0.022381269,0.079750314
YGR238C,Med16_up,0.348327896,0.115781607,0.406732971,-0.10667411,-0.121492054,-0.083736535
YGR243W,Med16_up,3.05383461,1.411458493,2.5757491,-0.079282567,-0.287440059,0.015696018
YGR246C,Med16_up,1.047947626,1.077354794,0.674780578,-0.068404288,-0.121554371,-0.005271428
YGR254W,Med16_down,3.177675023,2.326983439,2.272988603,0.236884083,-0.369934283,0.064153454
YGR255C,Med16_up,1.969518412,1.718940623,1.808746371,0.856478462,0.85684465,1.055961001
YGR256W,Med16_up,1.601144056,1.3743925,1.836911271,0.867266496,0.825609621,0.938178302
YGR268C,Med16_up,-0.562072501,-0.438694547,-0.340353309,0.020029086,0.121955567,-0.015281146
YGR280C,Med16_up,0.285563643,0.227848133,0.3169604,0.023776917,-0.021678759,0.044496748
YGR286C,Med16_up,2.512421624,2.319373996,1.896943457,-0.09967152,-0.30155587,-0.171204232
YGR287C,Med16_up,0.965360998,0.590846047,0.688330963,0.109872531,-0.042528392,0.063084197
YGR289C,Med16_up,1.99150413,1.443123816,1.473009653,0.081560669,0.058956516,0.10253738
YGR292W,Med16_up,-1.277761435,-1.497166828,-1.103006182,-0.30351476,-0.075368841,-0.201511614
YGR294W,Med16_up,-0.19340047,-0.285485124,-0.176998778,-0.002190428,-0.034771694,-0.021205468
YHL008C,Med16_up,1.959907231,1.374765456,1.954596271,-0.11262463,-0.272096315,-0.214286384
YHL012W,Med16_up,0.21309305,0.404845782,0.193157681,0.038779516,0.123247656,-0.087503062
YHL014C,Med16_up,0.285057296,0.673205528,0.117317957,-0.084476602,-0.102476613,-0.117116872
YHL027W,Med16_up,2.253122733,2.036695737,1.629425717,-0.052753416,-0.149784066,-0.164631221
YHL031C,Med16_up,0.492378756,0.683413188,0.563871339,0.184580557,0.193566208,0.181206826
YHL032C,Med16_up,0.547650605,-0.572589778,0.193435656,-0.133489882,-0.124796514,-0.109842011
YHL039W,Med16_up,1.450459671,1.360880509,1.390893951,0.092144906,0.079631385,0.003721476
YHL040C,Med16_up,2.358573767,2.293168043,2.14979017,0.073780101,-0.039904804,0.154222816
YHL043W,Med16_up,-0.646903536,-0.654823466,-0.395575357,-0.057931118,-0.024808815,0.02060445
YHL044W,Med16_up,0.604231804,0.407893872,0.54531599,0.214439233,0.104071856,0.1334222
YHL047C,Med16_up,2.120925641,2.064909042,1.739229113,0.11085153,-0.057784621,0.043555798
YHL048W,Med16_up,0.593431526,0.856090899,0.207919553,0.332775516,0.367177634,0.578241594
YHR001W-A,Med16_up,0.574999986,0.57819012,0.50409367,-0.051717754,-0.045553636,-0.039425361
YHR002W,Med16_up,1.794422755,1.365257871,1.138743381,-0.026182255,-0.108765446,0.01410918
YHR006W,Med16_up,1.645477226,1.778026946,1.042208847,-0.169984566,-0.239229878,-0.138947019
YHR011W,Med16_up,-0.303134848,-0.363948097,-0.111121126,-0.036200438,-0.047942629,-0.054773583
YHR015W,Med16_up,0.640173601,0.702462541,1.049771721,1.037558918,0.882836617,0.945517697
YHR016C,Med16_up,2.775688276,2.103080605,2.094936125,0.051777353,0.107831909,-0.023327331
YHR031C,Med16_up,-0.637347521,-1.094149793,-0.532306665,-0.08786494,-0.059358183,0.053925972
YHR032W,Med16_up,0.370983607,0.4935296,-0.534036369,-0.474319434,-0.557280702,-0.413267197
YHR033W,Med16_up,0.704751908,0.334870713,1.292809952,0.484106835,0.350703504,0.47285836
YHR040W,Med16_up,2.705888726,2.77612162,2.049167927,0.300794163,0.059717892,0.148920159
YHR048W,Med16_down,-0.835924036,1.080458689,-0.467134212,0.086602125,0.009270291,-0.146577795
YHR049W,Med16_down,0.481119351,-0.462041137,0.597464282,-0.106876818,-0.192545896,-0.01551013
YHR051W,Med16_up,2.523301929,2.007964461,1.985327045,0.18141022,0.078771751,0.067194406
YHR054C,Med16_down,0.092598012,0.369168044,-0.269303846,0.031721066,-0.007114168,0.046124271
YHR070W,Med16_up,-2.046506253,0.042449258,-2.498511716,0.135964763,0.240150384,0.177591777
YHR071W,Med16_down,2.31939512,1.029638519,1.523242119,-0.626628439,-0.763727579,-0.860823012
YHR092C,Med16_up,0.172127703,-0.098536745,-0.085938079,-0.220307958,-0.39668702,-0.185153024
YHR097C,Med16_up,1.765890165,1.279754221,0.950348518,-0.193420028,-0.240958658,-0.0813643
YHR100C,Med16_up,0.213421929,0.017102028,0.132687416,-0.012700044,-0.023301744,-0.000110671
YHR104W,Med16_down,1.763497217,-0.01076484,1.469427172,-0.16132539,-0.240792426,-0.267440337
YHR116W,Med16_up,0.824311599,0.853895026,0.471658026,-0.07698053,-0.202605515,-0.105957049
YHR136C,Med16_down,-0.516437189,-1.229634641,0.385073507,-0.180473666,-0.55169939,-0.327471796
YHR137W,Med16_down,1.615566515,1.259642901,2.113556818,0.046215029,-0.221897002,-0.05920451
YHR143W,Med16_down,2.369512064,0.971221417,1.625190745,-0.031283221,-0.096086468,0.030005053
YHR149C,Med16_up,1.517050704,1.649492051,1.426889964,0.216356422,-0.116104298,-0.030681982
YHR151C,Med16_up,2.601515932,2.542560551,2.271838103,0.496771067,0.406508833,0.385118636
YHR152W,Med16_up,2.228094211,2.145024057,2.086649814,0.342777531,0.2239808,0.259512965
YHR163W,Med16_down,2.700948502,1.45163564,2.21170283,0.074842913,0.194569219,0.131019182
YHR168W,Med16_up,0.898228688,0.455566203,0.76777394,0.175996694,0.035278555,0.038551744
YHR174W,Med16_down,2.633818316,0.181928625,2.12052017,-0.287550328,-0.722606312,-0.345572003
YHR176W,Med16_up,-0.34834623,0.068244604,-0.554263955,0.05910123,0.178401427,0.020066672
YHR179W,Med16_down,2.503486026,2.433718393,2.131581095,-0.066866377,-0.278741342,-0.209209997
YHR183W,Med16_down,2.291777422,0.521601065,2.165723365,0.120077094,0.131501399,0.173181737
YHR210C,Med16_up,1.746085418,1.363580253,1.271668413,-0.021557673,-0.173212639,-0.071046994
YHR214C-B,Med16_down,1.040424052,0.352147667,0.642285117,-0.749216764,-0.624000409,-0.957480058
YIL003W,Med16_up,-1.466000962,-1.187008989,-1.073199811,0.091440197,0.042956961,0.200443083
YIL006W,Med16_up,1.709122019,1.776108201,1.266911661,-0.020639329,0.044265875,-0.005693504
YIL024C,Med16_up,0.314284126,0.229065319,0.182085862,0.019171073,0.124698127,0.186723751
YIL028W,Med16_up,0.927261829,0.999287906,0.560973375,0.090294273,-0.00018623,-0.144141357
YIL033C,Med16_up,0.475666971,0.215978959,0.331232514,0.128443321,0.071314024,-0.065563307
YIL036W,Med16_up,2.747009414,2.678896834,2.000280126,0.170016756,-0.080987879,-0.109485436
YIL053W,Med16_down,2.010102963,1.750490005,1.257523418,-0.104147264,-0.351370096,-0.115076659
YIL055C,Med16_up,1.712188935,1.114312867,1.599599323,0.139585408,-0.065060738,0.085750506
YIL061C,Med16_up,-1.690160443,-1.348000665,-1.039420438,-0.296436661,-0.329383784,-0.179906398
YIL065C,Med16_up,0.565452645,0.581738766,0.365444686,0.066729263,0.166959389,-0.009300922
YIL066C,Med16_up,-0.2326784,-0.374582665,-0.339099267,-0.016738567,0.019668522,0.107325767
YIL100W,Med16_up,-0.480948774,0.033332051,-1.183236406,0.069785213,0.375299782,0.273016616
YIL101C,Med16_up,2.808326595,0.479247419,1.743148036,-0.520163423,-0.674075773,-0.476972525
YIL107C,Med16_up,2.598290719,2.295236919,1.925150954,0.104685042,-0.134624366,-0.090406228
YIL112W,Med16_up,-0.752148712,0.777643253,-0.674975041,0.167416117,0.069647764,0.079618555
YIL122W,Med16_up,0.949051216,0.873543572,0.427601453,-0.181936311,-0.145226299,-0.001866644
YIL125W,Med16_up,1.614350739,1.662384512,0.978785097,0.080866777,-0.04863194,0.026125054
YIL130W,Med16_up,2.393669526,2.44995252,1.718859739,0.27205715,-0.010004192,0.232609663
YIL136W,Med16_up,2.290911381,1.330027512,1.569081027,0.199723791,0.113886975,0.190235877
YIL140W,Med16_up,1.160038083,1.254398818,1.032605389,0.213133716,0.120326531,0.12380572
YIL150C,Med16_up,-1.148324254,-0.872175192,-0.760999914,-0.07566682,-0.006416707,-0.202446931
YIL155C,Med16_up,4.135670824,2.345687021,3.627747612,0.496429101,0.394572568,0.44864148
YIL156W,Med16_up,2.454202814,2.38879783,1.783272385,0.28925318,0.325990522,0.392468627
YIL160C,Med16_up,0.858187995,0.666150226,0.787895614,0.288933254,0.093009837,0.190731136
YIL165C,Med16_down,0.297777811,0.152912086,0.11010366,0.046356989,0.066891371,0.230850987
YIR001C,Med16_up,0.604646035,0.690710927,0.34021504,-0.077750135,-0.141168807,-0.189549118
YIR002C,Med16_up,1.627496271,1.568976,1.080621437,0.084392326,0.079581721,0.200037115
YIR007W,Med16_up,1.439829826,1.42190162,1.842359377,0.778258818,0.731492263,0.670256399
YIR016W,Med16_up,1.380145282,0.035012586,1.087083741,-0.02374592,-0.332933555,0.096078928
YIR017C,Med16_down,2.491899058,0.835281445,2.18546908,-0.11546088,-0.618188262,-0.102868617
YIR019C,Med16_up,-0.351918218,-0.992094327,-0.217358394,-0.174050767,-0.126915276,-0.022727402
YIR025W,Med16_up,1.18326888,1.395913038,0.859470188,0.026622472,0.012184095,0.038663316
YIR029W,Med16_up,0.633909518,0.85379358,0.424247543,-0.050928211,0.022778476,-0.077492405
YIR031C,Med16_down,2.684721177,2.546023871,2.289582478,0.195533914,-0.073191489,-0.010765574
YIR036C,Med16_up,2.058311684,1.632456592,1.468236786,0.121607109,-0.014199138,0.133530497
YIR039C,Med16_up,1.206337534,1.360210406,0.856655083,0.151079521,0.163671035,0.128741721
YIR042C,Med16_up,0.626896049,0.90224604,0.425187738,-0.022285444,0.053055922,0.088335716
YJL005W,Med16_up,2.046893741,1.625224594,1.410028818,0.213797607,0.119780806,0.143946407
YJL026W,Med16_down,1.755551372,0.987718431,1.472133936,0.453005625,0.341166073,0.463404437
YJL034W,Med16_down,4.399411182,2.817750607,4.10419235,0.292603451,-0.03676883,0.125979125
YJL037W,Med16_up,-0.176286614,-0.755992779,-0.089054426,0.099482452,-0.033784591,0.095935775
YJL042W,Med16_up,1.07011143,0.130086241,1.077786326,0.012975246,-0.110395125,0.108032639
YJL045W,Med16_up,-0.393422091,-0.224542426,0.299575409,0.523927807,0.482903357,0.584770541
YJL048C,Med16_down,1.952039941,1.612446766,1.837046115,0.254393417,0.259080679,0.194610123
YJL071W,Med16_up,1.937201718,1.926497018,1.488416236,0.154481621,0.085199651,0.05007477
YJL073W,Med16_up,1.613777747,1.511353984,1.40789132,0.128553305,-0.178418435,0.004894737
YJL074C,Med16_up,1.731180542,1.582685744,1.482161564,0.142137253,0.052215494,0.057229297
YJL078C,Med16_down,0.084288941,0.014612089,-0.81623841,0.089560539,0.158161325,-0.040220104
YJL084C,Med16_up,0.838736146,0.926969811,0.643465244,0.165236885,-0.011769511,0.139538979
YJL101C,Med16_down,3.487656731,3.174665649,2.738065663,0.011916334,-0.242206898,-0.305016638
YJL102W,Med16_up,0.645143125,0.248314304,-0.133541614,-0.751362497,-0.929027942,-1.013158138
YJL103C,Med16_up,0.606391781,0.381625032,-0.229947198,0.089974891,0.005319883,0.063169387
YJL106W,Med16_up,0.050856661,0.066983078,-0.041400791,0.129399682,0.077995329,0.079120821
YJL116C,Med16_up,0.554851937,0.918271858,0.31175738,-0.066990645,-0.058008304,-0.035548905
YJL118W,Med16_up,-1.73687573,-1.280971587,-1.439292505,-0.138600709,0.054457031,-0.14196249
YJL127C-B,Med16_up,0.450433965,0.364384673,0.670464628,-0.080763415,-0.134281277,-0.12563334
YJL128C,Med16_up,2.377147896,1.9928545,1.86978345,0.209888897,0.083939982,0.407623104
YJL132W,Med16_up,0.791544049,0.636497298,0.679963334,0.006464546,-0.042258511,-0.043450057
YJL141C,Med16_up,3.150543325,2.650843001,2.408993262,0.268160824,-0.154329922,0.055927901
YJL153C,Med16_up,-2.018929756,-1.95879263,-1.125385783,0.189752298,0.429525791,0.289826243
YJL160C,Med16_up,0.614008043,0.493008517,0.383378451,0.067220955,0.111598163,-0.043408096
YJL163C,Med16_up,-0.585926628,-0.579274686,-0.429192052,-0.139277778,-0.281792829,-0.184288581
YJL166W,Med16_up,1.069439955,0.930685649,0.661514917,0.057555756,-0.047070704,0.069789805
YJL208C,Med16_up,0.45956845,0.791043608,0.236442667,0.189180949,0.080995399,0.002273082
YJL209W,Med16_up,1.892048106,1.865107129,1.217415223,0.20723617,0.065587405,0.203713432
YJL213W,Med16_up,1.278016518,1.624947133,0.992222654,0.319823967,0.221279077,0.314276547
YJL217W,Med16_up,2.016462684,1.285662177,1.682937869,-0.075404956,-0.197047192,-0.117381573
YJL218W,Med16_up,-0.537929054,-0.568706772,-0.417197061,-0.026946811,-0.082580678,-0.134735201
YJR008W,Med16_up,0.973788998,0.750105706,0.488169171,0.167448439,-0.010509088,0.078636606
YJR009C,Med16_down,2.860183895,1.957854729,2.305272661,0.028547037,-0.456189899,-0.240736997
YJR010W,Med16_down,1.386586269,0.331131902,1.041966863,-0.185849867,-0.24880797,-0.182180445
YJR019C,Med16_up,-1.488548398,-1.533755119,-1.165098297,-0.151690276,0.014769198,0.122628214
YJR025C,Med16_up,-0.198489616,-0.434236996,0.062343552,-0.192234251,-0.097766639,-0.277161358
YJR039W,Med16_up,1.053268777,0.761221428,0.706306695,-0.004736877,-0.072170273,0.004413124
YJR047C,Med16_up,-0.533849643,0.006759268,-0.241804293,-0.390236823,-0.414787635,-0.377159518
YJR050W,Med16_up,0.664443681,0.903277333,0.529476613,0.077986944,-0.071698648,0.104204528
YJR052W,Med16_up,0.962174107,0.797593139,1.4724745,1.189487625,1.36197037,1.297332567
YJR053W,Med16_up,-1.34870499,-1.476688126,-1.117659308,-0.057707923,0.013635131,-0.087532204
YJR054W,Med16_up,1.855360601,2.131080654,1.511752992,-0.012863787,-0.171892979,-0.13663504
YJR077C,Med16_up,1.3418018,1.756340823,0.94238012,0.317474218,0.277370716,0.394915805
YJR078W,Med16_up,0.024414076,0.507596444,0.311183021,0.334970559,0.268843287,0.241846551
YJR080C,Med16_up,0.582461973,1.016670298,0.49083372,0.170216665,0.197853273,0.1280946
YJR085C,Med16_up,1.213038227,1.213522638,1.035439444,0.116726257,-0.068725139,-0.157149634
YJR104C,Med16_down,3.11846473,2.265268163,2.570310709,0.06783956,-0.386542225,-0.047239853
YJR109C,Med16_down,2.695299723,2.140542513,2.742675423,0.154637084,-0.266066408,-0.052416081
YJR113C,Med16_up,1.046305706,1.101882621,0.797330944,-0.125688329,-0.461104102,-0.178952248
YJR115W,Med16_up,-1.99991482,-1.779877504,-0.868346479,-0.013989456,-0.246452639,0.047610524
YJR116W,Med16_up,0.47261031,1.333496677,-0.107257461,0.176868401,0.090295662,0.063014631
YJR121W,Med16_up,3.425418808,2.859695208,2.421524974,0.260678298,0.045271125,0.208067679
YJR124C,Med16_up,0.280751318,0.474844244,0.270624777,-0.017710055,-0.090554171,-0.104694785
YJR137C,Med16_down,1.863001059,1.286508164,1.588224727,0.237431437,0.162982657,0.08786985
YJR147W,Med16_down,-0.585590872,-0.75156784,-0.631081898,0.016434476,0.121580998,0.003388379
YJR149W,Med16_up,0.443218805,0.258226186,0.235912351,0.114310452,0.100895497,0.25195818
YJR154W,Med16_up,1.449980278,1.53841629,1.206285793,-0.039597515,-0.142229617,-0.009178398
YKL001C,Med16_down,1.811885216,1.816292605,1.517411484,0.253986088,0.002877662,0.033760176
YKL016C,Med16_up,1.893643632,1.550907684,1.559470956,-0.064339985,-0.448810084,-0.32714799
YKL017C,Med16_up,0.66323763,0.727873921,0.445907012,0.005680705,0.108890257,0.160789021
YKL029C,Med16_up,0.397287875,1.064128398,0.426847939,0.138847466,0.052634292,0.184015093
YKL033W,Med16_up,0.971066785,1.154360693,0.762551106,0.16119042,0.184106403,0.31498011
YKL050C,Med16_up,-0.100809917,0.174972139,-0.081937186,0.174470525,0.1030224,0.105898256
YKL051W,Med16_down,0.444544777,0.920425326,0.317109709,-0.014711015,-0.035169598,0.069878018
YKL055C,Med16_up,-1.836425825,-1.651027876,-1.311689362,-0.052388361,0.119941819,0.061568386
YKL061W,Med16_up,0.00749734,0.059666251,-0.105252507,-0.055958885,-0.285617618,-0.188666983
YKL062W,Med16_up,2.410213866,1.836107297,1.657847277,-0.031255692,-0.158949019,0.067345468
YKL067W,Med16_up,1.764247667,1.584063399,1.202040352,-0.094346579,-0.348873968,-0.007009722
YKL070W,Med16_down,-1.235973105,-1.299063798,-0.745711438,-0.148621583,-0.076024516,-0.013147914
YKL071W,Med16_down,0.63226081,0.519442641,0.806989154,-0.168946594,-0.178693693,-0.201955366
YKL082C,Med16_up,3.231559034,3.27485376,3.091052871,0.377328259,-0.078308959,0.275432821
YKL085W,Med16_up,2.041741882,1.184518466,1.436901775,0.237827122,0.181997392,0.264031142
YKL086W,Med16_down,1.056473002,1.400161175,1.053035139,-0.152528347,-0.270323965,-0.160444532
YKL093W,Med16_up,0.063401617,-0.642567007,0.100719684,-0.062871623,-0.142006949,-0.083177946
YKL105C,Med16_up,1.241896636,1.005676227,0.854063815,-0.046959953,-0.013841382,0.022130825
YKL108W,Med16_up,0.766815828,0.850971334,0.529690636,-0.245497188,-0.252434733,-0.191079112
YKL109W,Med16_up,2.470668007,1.679676135,1.364541148,-0.02621601,-0.259562137,-0.108554094
YKL127W,Med16_up,-0.748488743,-0.594918052,0.071874618,0.736632778,0.807517921,0.763550576
YKL129C,Med16_up,1.039703236,1.355086161,0.922865205,0.050985639,-0.028768607,-0.008595561
YKL141W,Med16_up,0.15187098,-0.073945378,0.129297096,-0.105835423,-0.060231633,-0.072410418
YKL146W,Med16_up,0.593080614,0.189106721,0.507370011,0.061780644,0.062364369,0.088051796
YKL148C,Med16_up,1.845735708,1.222121892,1.306123066,0.246539022,0.23966785,0.350649812
YKL150W,Med16_up,3.314929721,2.278798473,2.449220283,0.126436835,0.037759884,-0.064613163
YKL151C,Med16_up,-1.093620412,-0.852471201,-1.368930398,-0.164989008,-0.087165821,-0.03879966
YKL152C,Med16_down,4.011950906,2.916718486,3.44569808,0.277072591,-0.423766451,-0.012954642
YKL161C,Med16_down,0.769040026,1.209566666,0.446163475,0.036122936,0.077238253,0.002198836
YKL163W,Med16_up,0.414925289,-0.110322806,0.449319958,0.084020304,0.215603759,0.132562981
YKL171W,Med16_up,0.490476525,0.410038679,0.463793067,0.261124861,0.155468076,0.189744849
YKL178C,Med16_up,1.966063704,1.050481361,1.516285139,0.0701231,-0.069304144,-0.033924036
YKL187C,Med16_up,0.172628203,0.18770972,0.238877947,0.262732138,0.292759585,0.404438789
YKL208W,Med16_up,-0.543794509,-0.379193333,0.184736746,0.877212905,0.935280325,0.997436673
YKL211C,Med16_up,3.919006512,3.594838395,3.310322148,0.516728507,0.129066168,0.291111601
YKL217W,Med16_up,-0.848815371,-0.632105366,-0.493010561,0.097844621,0.021016875,0.101367136
YKR016W,Med16_up,1.262976491,1.172793424,0.747317621,0.070394617,-0.040419194,0.008734866
YKR025W,Med16_up,0.348875701,1.04610542,0.503722139,0.053311973,-0.138738021,-0.07333182
YKR044W,Med16_up,0.800391708,1.614896777,0.474039953,-0.152524692,-0.204579734,-0.190139068
YKR045C,Med16_up,1.406864296,1.593077227,0.964249446,-0.015708884,-0.0356013,0.011244478
YKR058W,Med16_up,0.028355391,-1.159608133,0.068760218,-0.309933028,-0.141781813,-0.057855166
YKR060W,Med16_up,-2.235861523,-1.643519433,-1.78315652,-0.137682388,0.125843122,0.201725577
YKR063C,Med16_up,1.110414464,1.689743005,0.787587665,0.078575003,0.045054392,0.038579044
YKR067W,Med16_up,2.585527703,2.105602284,2.250887591,0.327270968,0.204206756,0.235366937
YKR069W,Med16_down,1.613952515,1.31439175,1.615544731,0.000648233,-0.133970578,-0.055493776
YKR071C,Med16_down,3.156315118,2.787531961,2.671095329,-0.027395723,-0.357314525,-0.108325762
YKR075C,Med16_up,2.261175285,1.392338466,1.580782413,-0.422257474,-0.40432473,-0.273709418
YKR078W,Med16_up,0.94458081,1.293256586,0.632476657,0.160773543,0.184104669,0.162634389
YKR087C,Med16_up,1.526410775,1.562814608,1.094699928,0.248213328,0.122543612,0.267688561
YKR092C,Med16_up,0.543965933,0.878189972,0.429501085,0.136974092,0.101341925,0.156293563
YKR097W,Med16_up,0.010760383,-0.022276516,0.190964852,0.094636663,0.083527114,0.098665146
YKR098C,Med16_up,2.03785771,1.94187078,1.29262904,-0.159251551,-0.301871837,-0.118802318
YKR099W,Med16_up,1.546526696,1.553896143,0.995261555,-0.134705678,-0.253812276,-0.196299059
YKR101W,Med16_up,2.26353839,2.183523931,1.483840904,0.082819077,-0.036911493,0.063297104
YLL001W,Med16_up,2.316600907,2.467030777,1.697127161,-0.012274751,-0.101066256,-0.082535331
YLL018C-A,Med16_up,0.175767796,0.190029109,-0.381696065,-0.108913358,-0.009162785,-0.000640119
YLL019C,Med16_up,1.954896096,1.439316254,1.385388205,0.238995346,0.158957041,0.364841909
YLL024C,Med16_down,4.664162365,3.298509621,4.537047061,0.567585081,-0.070466027,0.021672694
YLL026W,Med16_down,4.355069554,2.201201931,4.110462509,0.16547588,0.039061569,0.057136138
YLL028W,Med16_down,4.136014849,3.177767258,3.213747132,0.272212594,-0.318125098,0.089513409
YLL041C,Med16_up,2.112369644,1.637957385,1.418282431,-0.03506952,-0.013523186,-0.098606732
YLL055W,Med16_up,1.087110382,0.821153363,0.848150247,0.162324991,0.172113927,0.200467493
YLL057C,Med16_up,-0.679664424,-0.949005379,-0.525598658,0.017364955,0.027249011,0.063305132
YLL058W,Med16_up,1.233825765,1.233255754,0.920769657,0.159889665,0.082223752,0.195199368
YLL060C,Med16_down,1.605222372,2.127237865,1.729103839,0.00598391,-0.046591841,-0.251611405
YLL061W,Med16_down,2.265003238,1.692649002,1.977494244,-0.008446462,0.006161644,-0.036011124
YLR007W,Med16_up,2.212239216,2.233029694,1.683247456,0.364582192,0.067334103,0.198463822
YLR015W,Med16_up,0.10699171,0.150477744,0.083349863,-0.047333526,0.089636781,-0.00815127
YLR023C,Med16_up,2.464394789,2.466344259,1.71932986,0.071324159,-0.150798593,-0.089391007
YLR038C,Med16_up,0.231170643,-0.204480679,0.162631678,0.000770215,-0.069928149,0.057679155
YLR041W,Med16_up,-2.518457991,-1.911164165,-2.2240577,0.173933046,0.249001365,0.255220552
YLR044C,Med16_down,2.226545918,0.992858473,1.721707628,-0.295590264,-0.517538842,-0.44273483
YLR054C,Med16_up,-2.020782852,-2.024238681,-1.519702474,-0.078489752,-0.048921975,-0.083705015
YLR055C,Med16_up,1.777596154,2.032858209,2.013962391,0.549462579,0.134489466,0.473587565
YLR056W,Med16_down,1.366314732,1.389335682,1.371951128,0.467703285,0.154227338,0.28818473
YLR057W,Med16_up,1.518315425,2.145469594,1.0420963,-0.084065152,-0.225739743,-0.137952965
YLR064W,Med16_down,3.006123293,2.969141285,2.411823202,0.114018043,-0.104904488,0.041338905
YLR072W,Med16_up,2.338819766,2.662628016,1.762259656,0.221756821,0.061119197,0.196668904
YLR078C,Med16_up,2.972991702,2.7369146,2.157433532,0.23839232,0.252147836,0.334215164
YLR080W,Med16_up,0.081853915,0.001804353,0.075405973,-0.157020863,-0.156628492,-0.28686892
YLR085C,Med16_up,0.011590024,0.684679135,-0.524031911,0.081010717,0.164619196,0.183213074
YLR094C,Med16_up,-0.40229887,0.0246167,0.065673212,0.316168352,-0.005423186,0.327443813
YLR105C,Med16_up,2.754082213,3.06486187,2.404435704,0.575745397,0.136960561,0.308127476
YLR108C,Med16_down,4.5936616,3.101069728,4.55795051,0.764735348,-0.31841539,0.052235024
YLR109W,Med16_down,2.775509689,1.521777902,2.974253101,0.441219864,-0.761083247,-0.092670666
YLR113W,Med16_up,2.613112741,2.265848952,1.834725561,0.056435327,-0.100957453,-0.121693574
YLR132C,Med16_up,0.432164601,0.570043013,-0.000808616,-0.006155109,-0.024096328,-0.111325863
YLR135W,Med16_up,-0.904517184,-0.937950648,-0.626352476,0.140877553,0.071941512,0.175794356
YLR149C,Med16_up,1.288918028,1.30046818,1.120925539,-0.03027075,-0.109644017,-0.013393554
YLR151C,Med16_up,0.126268533,0.250273627,0.026054547,0.028069422,0.051631497,-0.116768781
YLR178C,Med16_up,2.187768852,1.176741058,1.338794873,0.12998341,0.019371798,0.106659436
YLR180W,Med16_down,3.238419786,2.458582968,2.618834491,0.000876585,-0.250843276,-0.331859197
YLR182W,Med16_up,1.41862565,1.885958461,1.008501719,-0.041385917,0.044180339,0.040401885
YLR201C,Med16_up,0.774420788,0.757260151,0.540699111,-0.105094435,-0.120321616,-0.146854123
YLR203C,Med16_up,2.605125574,2.53843016,1.843475652,0.434475876,0.26490274,0.27035263
YLR205C,Med16_up,2.401703675,1.63333682,2.114336127,0.213026322,0.020230572,0.119948309
YLR210W,Med16_up,2.306894665,2.456033283,1.790377574,0.132528213,0.06288769,0.133076592
YLR211C,Med16_up,0.4749216,0.286394331,0.32771086,0.087416724,0.074278154,-0.001311079
YLR212C,Med16_up,1.157678866,0.792844172,0.942152334,-0.220150967,-0.206421066,-0.157536619
YLR216C,Med16_down,4.242370814,1.548348401,3.858561833,0.265064475,0.128681177,0.115967416
YLR219W,Med16_up,1.842999927,1.126585729,0.917145757,0.053586683,0.032516635,0.08637141
YLR228C,Med16_up,1.385885345,0.842872735,1.075600356,-0.0283616,-0.079089871,0.150908413
YLR237W,Med16_up,-0.13412542,0.295434655,-0.124517023,-0.095497938,-0.100765975,-0.102744965
YLR256W-A,Med16_down,2.382145214,1.510636103,2.040377587,-0.261394813,-0.81092243,-0.957359974
YLR263W,Med16_up,-0.418805048,-0.977597298,-0.184438317,0.186024171,0.172686367,0.174622675
YLR266C,Med16_up,1.334401637,0.293084096,1.908432614,0.137745588,-0.045661019,-0.004866065
YLR267W,Med16_up,0.38391821,-0.935564791,1.208549876,0.036802894,-0.169121132,-0.057499785
YLR285C-A,Med16_down,0.032151912,-0.030778384,-0.032636987,0.174560703,0.119169981,0.180556954
YLR286C,Med16_down,2.599665516,1.025086546,2.041138006,0.076166956,-0.016832501,-0.048658351
YLR294C,Med16_up,-0.851909383,-0.943746419,-0.842463412,0.235957888,0.396953755,0.382609898
YLR295C,Med16_up,-0.229935091,-0.325333152,-0.359075184,-0.239975653,-0.269366785,-0.021964392
YLR300W,Med16_down,3.159080502,2.24521497,2.466378007,0.015469868,-0.300254182,-0.10576967
YLR303W,Med16_down,1.489930648,1.908753728,2.092672264,2.948160477,2.259716829,2.997310484
YLR307W,Med16_up,0.127940513,0.101372274,0.184231474,0.260181355,0.264549709,0.280906023
YLR312C,Med16_up,0.127540948,-0.511203836,-0.021534256,-0.262299533,-0.187848927,0.023878698
YLR346C,Med16_down,1.55432478,1.639664566,1.648599519,0.056097395,-0.239367896,-0.049015524
YLR352W,Med16_up,0.625915609,0.409804912,0.397312946,0.092136203,0.144242826,-0.015940432
YLR356W,Med16_up,1.371086258,1.171594435,0.98103252,0.033428911,-0.079879739,-0.126471812
YLR364W,Med16_down,0.20742773,-0.008802751,0.228855277,-0.062094907,-0.053550086,-0.11526457
YLR389C,Med16_up,0.502611213,0.539971083,0.202522882,-0.28452584,-0.215072403,-0.227526601
YLR393W,Med16_up,2.187732416,2.266715651,1.583581483,-0.005675534,-0.104503165,-0.126916652
YLR394W,Med16_up,-0.219735123,-0.361500663,-0.094607952,0.144103756,0.12534782,0.09971295
YLR395C,Med16_up,0.759918797,0.634166659,0.683481682,0.017454085,-0.027829323,0.016027306
YLR417W,Med16_up,0.990634834,0.688136233,0.895513128,0.261306271,0.215670678,0.260933107
YLR443W,Med16_up,1.856169601,2.13490465,1.102428724,-0.041999696,-0.226166017,-0.126514344
YLR460C,Med16_down,1.042406628,1.750346507,1.231003154,0.179585798,0.160775292,0.205379759
YML011C,Med16_up,2.192113667,2.310693483,1.436782514,0.158168031,0.089660632,0.05571383
YML027W,Med16_up,2.254116257,2.143931867,2.497251382,0.377933604,0.150518279,0.08162746
YML028W,Med16_down,4.048054512,2.763367895,3.442548635,0.495530957,0.054526178,0.19189302
YML034W,Med16_up,2.337559529,1.987470895,1.82128332,0.280922603,-0.053613991,0.338371678
YML042W,Med16_up,-0.542230855,-1.534539277,-0.235404498,0.008973525,0.111663523,0.225059354
YML053C,Med16_up,1.917243108,1.745310054,1.196257622,-0.5457823,-0.990738737,-0.756334202
YML054C,Med16_up,-0.962333731,-1.540442165,-0.563693116,0.26805263,0.457221575,0.298145428
YML057W,Med16_up,1.812172303,1.646072245,1.407148077,0.066060697,0.008825978,-0.039085573
YML076C,Med16_up,1.239357225,1.473491053,0.950122108,-0.081440118,-0.059157145,-0.020214577
YML078W,Med16_up,0.338767232,0.189932249,0.221065047,-0.060930343,-0.149188374,-0.097160394
YML081C-A,Med16_up,0.897149852,0.986436651,0.869755618,0.227705498,0.107076903,0.040622688
YML113W,Med16_up,0.909707809,0.992387237,0.686087693,0.007129911,-0.061662309,0.1080888
YML116W,Med16_down,2.146722073,1.693194323,2.380121112,0.007896902,-0.008587163,-0.032275925
YML120C,Med16_up,2.558765261,1.856111115,1.820572857,0.228044943,0.055006032,0.076106472
YML123C,Med16_down,2.324904662,-0.159699806,1.828657368,-0.024696926,-0.39729571,-0.139960618
YML128C,Med16_up,1.049466582,0.232093333,0.826324299,0.072409489,0.033411028,0.015474254
YML130C,Med16_down,4.145320844,3.11218893,3.689911066,0.199780669,-0.002819956,0.181645488
YML131W,Med16_down,2.662855063,1.870972039,2.465542273,0.069776282,-0.025169765,0.201269146
YMR011W,Med16_up,2.121690028,1.747564472,1.592753199,-0.068994893,-0.103419812,-0.119846404
YMR017W,Med16_up,-0.242659228,-0.235822843,0.108774777,0.29660393,0.308955466,0.083925656
YMR018W,Med16_up,-0.737243816,-0.513129033,-0.207812319,0.196442748,0.219178174,0.289322896
YMR020W,Med16_up,0.8619157,0.960354512,0.576914664,-0.068547222,-0.102372703,-0.116237657
YMR023C,Med16_up,1.079145029,1.171422602,1.567325344,0.885957387,0.954539273,0.937636088
YMR031C,Med16_up,3.246770247,2.41634858,2.787344848,0.216847199,0.171215129,0.325148369
YMR034C,Med16_up,1.037320598,0.868213341,0.633315173,0.040758028,-0.017430324,-0.029592129
YMR036C,Med16_up,1.403590954,1.352472615,0.81619579,0.046843375,0.034451234,0.059032386
YMR037C,Med16_up,1.11903806,1.285520012,0.693654242,-0.013078421,-0.013277534,0.004799644
YMR039C,Med16_up,-0.46168328,-0.467051801,-0.779212206,-0.208061496,-0.086479523,-0.25585553
YMR040W,Med16_up,1.59417381,0.803174928,0.99591121,0.061972677,0.108267966,0.133493123
YMR041C,Med16_up,1.391555384,0.957500062,1.44908586,0.994529691,1.006933114,1.041335511
YMR042W,Med16_down,-0.150515186,0.580131853,0.214971166,0.97190129,1.094363451,1.134835153
YMR043W,Med16_up,1.563453965,0.55729271,1.096681089,-0.154544722,-0.275473918,-0.315465782
YMR044W,Med16_up,1.510178689,1.487275346,0.998336045,-0.251219249,-0.278827523,-0.414671849
YMR047C,Med16_up,1.671697451,1.916557347,0.606247454,-0.623529236,-0.733930682,-0.640866179
YMR048W,Med16_up,2.723087496,2.874497644,1.902714634,0.305001447,0.309947693,0.280098263
YMR052W,Med16_up,2.403415003,1.950961233,2.602390356,1.340101009,1.373865561,1.23867833
YMR053C,Med16_up,2.605777901,2.330319736,1.974263541,0.243560891,0.128909897,0.174624974
YMR063W,Med16_up,-0.074699089,-0.171249543,0.319504,0.022305545,0.080396723,-0.004720365
YMR105C,Med16_up,2.768319859,0.739793191,1.990956301,0.122844884,-0.012256612,0.118028523
YMR111C,Med16_up,0.729075791,1.255125831,0.541932821,0.061872832,-0.038303944,0.090935619
YMR120C,Med16_up,1.468236649,1.64611064,1.254080129,0.107956797,0.008011651,0.026764761
YMR135C,Med16_up,2.495925561,1.762966692,2.748679346,0.144009602,-0.516484847,-0.133107777
YMR136W,Med16_up,3.320703985,2.127697133,2.410595473,0.061578592,-0.199992659,-0.09596593
YMR137C,Med16_up,0.792140751,0.851867587,0.36127827,0.169104262,0.213146392,0.254391254
YMR138W,Med16_up,-1.969684159,-1.435506941,-1.648700006,-0.075375254,0.009972159,-0.010521408
YMR139W,Med16_up,2.656828424,2.186999488,1.832569139,0.246749301,0.177351368,0.093289022
YMR147W,Med16_up,-0.059219167,0.394015498,-0.02957501,-0.021652335,-0.03866235,0.040953166
YMR151W,Med16_up,-2.404314444,-1.811992028,-1.726804175,-0.00931839,0.122896201,0.191423336
YMR156C,Med16_up,0.344038392,0.399174668,0.312110383,-0.084966021,-0.134103356,0.003535933
YMR165C,Med16_up,1.259212766,0.913643656,0.860388295,0.338510465,0.219742174,0.198588963
YMR168C,Med16_up,1.976336287,1.814180664,1.340713631,0.20826926,0.093264391,-0.014108335
YMR172W,Med16_up,1.925462258,2.122079595,0.958732724,0.134343492,0.044658768,0.221156625
YMR173W,Med16_down,2.339073704,0.758069641,1.819977824,-0.070652844,-0.351172845,-0.273324108
YMR173W-A,Med16_down,2.393295473,0.778120783,1.724088428,-0.040494442,-0.233203885,-0.250978363
YMR174C,Med16_up,0.311652642,-0.030334357,0.101858756,0.101630993,-0.136607666,-0.01006794
YMR177W,Med16_down,0.59818717,0.333731527,0.770508635,0.117304332,0.096828419,0.093348135
YMR182C,Med16_up,-0.044407348,0.172883615,0.034685854,-0.304072901,-0.283470618,-0.345967505
YMR186W,Med16_down,4.600165829,2.768865906,4.222642332,0.305167064,-0.17765285,-0.040108392
YMR189W,Med16_up,3.011443061,2.887649726,2.681669213,0.371963023,0.287474505,0.303293388
YMR191W,Med16_up,0.905128239,0.755391546,0.657342042,0.340991283,0.184617114,0.225499906
YMR196W,Med16_up,3.289146604,2.158624392,2.383668337,0.011413028,0.046697555,-0.009023
YMR199W,Med16_up,0.403444156,0.802214002,0.210440168,0.145727946,-0.071279664,0.094301172
YMR224C,Med16_up,1.220335132,1.159462902,0.938460506,0.089808929,0.111302163,-0.002275678
YMR225C,Med16_up,0.361785693,0.453986794,0.209074017,0.136646534,0.03257282,0.065235716
YMR232W,Med16_up,-0.605998169,-0.763294454,-0.33826933,-0.052603996,-0.090698487,-0.097720035
YMR238W,Med16_up,0.490389438,0.885726898,-0.092911212,-0.779032453,-0.820575054,-0.849230918
YMR239C,Med16_up,-0.246895629,-0.005668172,-0.483515789,-0.275443854,-0.297253008,-0.29823604
YMR240C,Med16_up,2.077231004,1.829219501,2.008063267,0.448545567,0.060971134,0.358110657
YMR241W,Med16_up,2.461166482,2.222532485,2.141901045,0.481602405,0.149218351,0.369786721
YMR244C-A,Med16_up,0.477149817,-0.228590608,0.459813922,-0.119784209,-0.150789341,-0.088279963
YMR250W,Med16_up,3.738828559,2.031726416,2.59036308,-0.0553727,-0.170142892,-0.272059735
YMR252C,Med16_up,-0.198202799,0.299774271,-0.41009384,-0.095323903,-0.292374344,-0.197870041
YMR253C,Med16_up,0.983872014,0.354000904,0.996553723,0.061899295,-0.120719917,-2.50E-05
YMR256C,Med16_up,0.071296221,0.002480354,0.0027107,-0.080601355,-0.092985502,-0.183300459
YMR261C,Med16_up,1.874005512,0.988274922,1.326333123,0.132339753,0.135511158,0.137905278
YMR265C,Med16_down,1.308604577,1.096854528,1.316521676,-0.110837368,-0.366728296,-0.2303517
YMR266W,Med16_down,0.807729934,0.449439871,0.887916297,-0.171397112,-0.326580078,-0.093896426
YMR278W,Med16_up,1.263872309,1.190301485,0.786442995,-0.115329511,-0.228267572,-0.018462229
YMR280C,Med16_up,0.372785424,0.096808218,0.385078813,-0.040197316,0.024521419,0.097027506
YMR291W,Med16_up,2.600411178,1.67563649,2.006672442,0.079651707,0.045623777,0.057497346
YMR303C,Med16_up,1.414590481,0.889307601,0.903293017,-0.360370783,-0.408602612,-0.415749087
YMR318C,Med16_down,2.672281086,1.496123778,2.351520159,-0.08626014,-0.073130578,-0.034494486
YMR319C,Med16_up,2.333792655,2.711480417,1.681222846,0.220231053,-0.129133817,0.144490275
YNL006W,Med16_down,4.698426165,3.142283686,4.496799962,0.376684165,0.008582535,0.007901807
YNL007C,Med16_down,4.190146947,2.179312709,3.948620034,0.380005895,-0.061357795,0.079152772
YNL014W,Med16_up,0.243995288,0.135046697,0.173142282,0.002020144,0.017505189,0.077991593
YNL042W,Med16_up,1.631597379,0.976655914,1.247586841,0.164558713,0.122039014,0.131035292
YNL052W,Med16_up,1.10956633,0.895488548,0.641190907,0.105145386,0.049272753,0.140745476
YNL053W,Med16_up,0.675439402,1.0008108,0.726423365,-0.179787458,-0.476606134,-0.324043603
YNL058C,Med16_up,2.408442932,2.269000514,1.914452745,0.036938184,-0.180731622,-0.290909461
YNL064C,Med16_down,4.742511899,3.655706793,4.217312597,0.444009322,-0.053803153,0.033063356
YNL071W,Med16_up,1.621051746,0.937524465,1.344974515,0.240970097,0.152191627,0.179516444
YNL072W,Med16_up,-1.748961373,-1.06367075,-1.558799192,-0.124962152,-0.037730501,-0.014462055
YNL087W,Med16_down,1.173102503,0.927803544,0.918173356,-0.14251166,-0.167578409,-0.105441301
YNL093W,Med16_up,-1.68824006,-0.973516688,-0.974551997,-0.144565561,-0.142046749,0.04408452
YNL095C,Med16_up,-0.106230921,0.404008116,-0.013394669,-0.048652996,0.072511814,0.089208798
YNL097C,Med16_up,-1.048419704,-0.188559062,-0.499240278,0.147206616,0.022598104,0.076839743
YNL104C,Med16_down,3.588915658,1.660694916,3.204129564,0.144581005,-0.202352971,-0.047936214
YNL106C,Med16_up,1.4844681,1.598095716,1.0617314,-0.050097289,-0.078205166,-0.054486386
YNL116W,Med16_up,2.741111853,2.679744773,2.095625006,0.155449905,0.083306026,0.124583913
YNL117W,Med16_up,-2.175930127,-2.342680213,-1.506998236,-0.145512043,-0.163663149,-0.14643614
YNL124W,Med16_up,-0.426742026,-0.639996815,0.080953798,-0.198923553,-0.090537971,0.047976196
YNL133C,Med16_up,-1.248786054,-0.391865763,-0.979014577,0.637721107,0.820523299,0.778256301
YNL134C,Med16_down,1.294272913,0.4537668,1.913930193,0.002431182,-0.348081915,-0.190601446
YNL144C,Med16_up,1.700730511,0.770105083,1.083143936,0.139232206,-0.055981308,0.14736122
YNL148C,Med16_up,0.990244759,0.743703709,0.392513459,0.094843822,0.087772317,0.103385502
YNL175C,Med16_up,-1.009618478,-1.023194946,-0.640166011,-0.027013874,0.081936897,0.129823683
YNL179C,Med16_down,0.528098055,-0.753622789,1.140447754,0.133872785,-0.371239404,0.023832374
YNL181W,Med16_up,0.826081592,0.912766115,0.587077158,0.161497986,0.100227879,0.133114511
YNL191W,Med16_down,0.843686554,0.670233146,0.409410133,-0.060259049,-0.083540004,-0.090677216
YNL193W,Med16_up,-0.758091567,-0.661360217,-0.769405118,0.034520514,0.032125313,0.087975292
YNL200C,Med16_up,0.1304608,-0.252594042,-0.024800513,-0.039939264,-0.03950864,-0.187515791
YNL201C,Med16_up,1.314909499,1.305757733,0.766513144,-0.003251421,-0.084666223,0.059420908
YNL216W,Med16_up,1.099134967,1.00111248,0.948430534,0.239499871,0.097279635,0.207966921
YNL217W,Med16_down,0.325890864,-0.664198014,0.367672082,-0.172527751,-0.1425725,-0.203798318
YNL218W,Med16_up,-0.085280042,0.865297014,-0.187691455,0.035822412,0.057458135,-0.062923522
YNL231C,Med16_down,3.891996745,2.92189843,3.614397228,0.460875085,-0.239991385,0.12950876
YNL233W,Med16_up,0.60926892,0.121365055,0.333288186,-0.013346305,0.018044916,0.006535777
YNL234W,Med16_up,-0.721217692,-1.128941408,-0.357584298,-0.724431704,-0.138046372,-0.594491518
YNL239W,Med16_up,0.389661519,0.584248467,0.27114714,-0.040865441,-0.099840478,0.058323703
YNL241C,Med16_down,3.674346133,2.269838706,3.026753614,0.134662178,-0.083077195,-0.005700856
YNL243W,Med16_up,2.025140775,2.182699566,1.828421543,0.231624642,0.003208241,0.100803944
YNL250W,Med16_up,2.07939541,1.905409161,1.663348429,0.290932082,0.31320711,0.224101012
YNL254C,Med16_up,-2.8641693,-2.664371748,-2.29785381,-0.280024178,-0.133737356,-0.136202115
YNL275W,Med16_up,1.49669877,1.369420424,0.901072428,-0.018813792,-0.003247639,0.116973471
YNL278W,Med16_up,-0.232844926,-0.4072411,-0.001714421,-0.36627835,-0.449352765,-0.436643208
YNL289W,Med16_up,-0.483428999,-0.172967775,0.423446285,0.409338332,-0.064684302,0.294012615
YNL298W,Med16_up,2.457106863,2.20776299,2.075519319,0.196933138,0.069915895,0.020149875
YNL305C,Med16_up,1.673522101,1.637990652,1.173211584,0.158495238,0.068554087,0.079468673
YNL322C,Med16_up,2.115105375,1.847070968,1.423943131,0.018724912,-0.071864285,-0.031751392
YNL327W,Med16_down,2.695040504,1.216101089,2.382423085,0.022705356,-0.062420619,0.077044975
YNL336W,Med16_up,0.860781876,0.771277365,0.548376489,0.347475103,0.353010037,0.470687401
YNR001C,Med16_up,3.370547892,2.417526233,2.502872365,-0.006631831,-0.147719408,-0.196012309
YNR002C,Med16_up,-0.425366652,-0.593612022,-0.356352513,-0.217876944,-0.356234374,-0.109770857
YNR014W,Med16_up,1.783775676,-0.123515196,1.338793316,-0.4954019,-0.631818761,-0.54320371
YNR015W,Med16_up,0.76527892,1.168834745,0.590033951,0.30297866,0.382984909,0.326267351
YNR018W,Med16_up,-0.115894129,0.561946734,0.032721335,0.22473961,0.057388346,0.342488043
YNR019W,Med16_down,2.229466135,1.587168935,1.972583773,0.220576635,0.023966761,0.213315694
YNR020C,Med16_up,2.145370102,2.122527761,1.595715013,0.193506666,-0.012924387,0.12850465
YNR027W,Med16_up,0.335797171,0.96553473,-0.22046063,-0.001449307,0.089033152,-0.100730203
YNR050C,Med16_down,2.021987279,1.484581125,2.621116672,0.462418337,0.183451284,0.174831897
YNR060W,Med16_down,0.355195409,-0.002095691,0.732966416,0.136494124,0.056060609,0.106606581
YNR067C,Med16_down,2.905015516,1.486842444,2.401908203,-0.041317282,-0.123898909,-0.213072362
YNR068C,Med16_down,-0.268020758,-0.097582221,-0.1990081,0.032064004,0.100201107,-0.055533614
YNR069C,Med16_down,3.021199829,1.627644193,2.695601464,0.036748394,-0.16793547,-0.007438673
YOL007C,Med16_up,1.798106716,2.212575185,1.88686296,0.391303898,-0.009979271,-0.05804386
YOL027C,Med16_up,2.001696963,2.03834641,1.28324075,0.186818818,0.100543654,0.200234733
YOL032W,Med16_down,2.361670677,1.502994651,2.161411928,0.002009655,-0.222789303,-0.065691063
YOL034W,Med16_up,1.361614894,1.52254184,1.143272111,0.444807797,0.231803396,0.288801153
YOL047C,Med16_down,-0.845824665,-0.104127236,-0.601492631,-0.201112626,-0.142186516,-0.139108151
YOL069W,Med16_up,2.382394336,2.442682061,1.868352734,0.279686841,0.174430067,0.189397653
YOL073C,Med16_up,1.204232665,1.203223732,0.991718885,-0.002428569,-0.084107618,0.037004719
YOL077W-A,Med16_up,0.296358894,0.122160451,0.164599827,-0.051376503,-0.191537762,-0.071426591
YOL078W,Med16_up,-0.738544547,-0.305876368,-0.405571626,0.145658174,0.227173591,0.067751052
YOL082W,Med16_up,2.174502935,1.805651299,1.745915919,0.213301599,0.100612656,0.187512763
YOL084W,Med16_up,-0.337438056,-0.215083329,-0.028529168,0.096398319,0.21983605,0.121463684
YOL087C,Med16_up,1.780763867,1.876235651,0.949321948,0.145222575,0.19673685,0.102612035
YOL100W,Med16_up,1.980556545,1.843828775,1.388461081,0.111366326,0.090448887,0.005414893
YOL101C,Med16_up,1.464367686,1.833030421,1.055573151,0.132292196,-0.065272567,0.027791308
YOL102C,Med16_up,0.454812133,0.584493907,0.303985764,0.11033403,0.024612728,0.07566081
YOL104C,Med16_down,1.292903559,1.564828903,1.208950279,0.423666171,0.256366798,0.648075427
YOL109W,Med16_down,2.646930157,1.704746329,2.302775875,-0.22028323,-0.458164974,-0.139359611
YOL112W,Med16_up,1.390682752,1.589288331,0.920878615,-0.277582619,-0.321909266,-0.316434494
YOL113W,Med16_up,0.943484096,0.603456634,0.996375469,0.157241201,-0.1019765,-0.072612863
YOL126C,Med16_up,2.688907466,1.943296298,2.395476207,0.263675447,-0.149056969,0.06913934
YOL138C,Med16_up,-0.810251741,-0.664417732,-0.545006382,-0.045557744,-0.069372757,0.031999655
YOL140W,Med16_up,0.776589475,0.778581937,0.845420327,0.209001728,0.000162523,0.105626577
YOL151W,Med16_down,3.305426774,1.161365636,3.296060321,0.24696401,-0.06120032,-0.031620632
YOL152W,Med16_up,1.549859112,1.324339574,1.378973152,0.012013452,-0.153043877,-0.047748526
YOL162W,Med16_down,0.199873834,0.471128394,0.111594203,-0.001955191,0.128190174,0.126279317
YOR005C,Med16_up,0.893794404,0.310341546,0.594062301,-0.128746036,-0.095736755,-0.142733918
YOR007C,Med16_down,2.177061888,1.025260241,2.616089855,0.841230557,0.814668736,0.702264579
YOR010C,Med16_up,0.692652462,0.7243801,0.426402048,-0.135269254,-0.159843638,-0.203291556
YOR011W,Med16_up,0.081544887,-0.070754082,-0.302679603,-0.596800761,-0.549542101,-0.3422593
YOR019W,Med16_up,-0.627049966,-0.474946028,-0.615990389,-0.024690982,-0.107992855,0.156060261
YOR027W,Med16_down,3.935921609,2.116048135,3.396090566,0.141856652,-0.093368377,-0.097316627
YOR028C,Med16_up,0.810171018,0.539193923,0.523209202,-0.129724263,-0.192256283,-0.187013028
YOR032C,Med16_up,0.548982237,0.264628026,0.572762767,0.126383948,-0.072084399,0.157687559
YOR044W,Med16_up,1.094653394,1.3105366,0.817391522,0.072221874,-0.227787528,-0.045512948
YOR054C,Med16_up,0.523494642,0.692094681,0.157419088,-0.154650712,-0.230739654,-0.159172118
YOR058C,Med16_down,2.326160702,2.144638374,2.080800602,0.352034136,0.190717591,0.094672417
YOR065W,Med16_up,1.532275265,0.454755289,1.205978976,0.259979968,0.161276769,0.04392954
YOR066W,Med16_up,2.169665882,1.8406208,1.797170583,0.058083529,-0.065047091,-0.036401823
YOR077W,Med16_up,1.408236919,0.850823626,0.651237111,-0.034960837,0.137544527,-0.02154834
YOR100C,Med16_up,0.493827777,0.068441792,0.629019572,0.170104786,0.092475204,0.128375898
YOR107W,Med16_down,-0.849137117,-0.757377145,-0.442719564,-0.122641716,-0.184532948,-0.001961103
YOR138C,Med16_up,0.411256366,0.892257406,0.196605117,0.220438893,0.164654883,0.05332563
YOR144C,Med16_up,0.377976612,0.488367307,0.381036518,0.190361764,-0.002463027,0.050053403
YOR147W,Med16_up,1.722841236,2.082515322,1.38155238,0.265740747,-0.050557301,0.222831923
YOR153W,Med16_down,4.989344623,3.30953671,4.346368332,0.797688142,-0.103573728,0.254378632
YOR154W,Med16_up,0.467014089,0.573000868,0.527146857,0.100679451,0.459379967,0.024328206
YOR176W,Med16_up,1.508203815,1.411956177,0.542892592,-0.576306142,-0.767649626,-0.594270952
YOR178C,Med16_up,1.050088458,0.039977543,0.380093054,-0.08423576,-0.09053619,-0.145492978
YOR187W,Med16_up,1.456107345,1.375224402,1.002918724,0.029254981,-0.173436011,0.010518789
YOR201C,Med16_up,-2.668210493,-2.498069928,-2.398486266,-1.804433729,-1.826153397,-1.626056107
YOR226C,Med16_down,3.189269534,1.935536366,2.940035741,0.114997137,-0.184692367,-0.296038029
YOR228C,Med16_up,1.349141099,1.383274374,1.029438516,0.135073063,-0.053809572,0.262196788
YOR229W,Med16_up,0.212631788,0.774760933,0.224762251,0.245072836,0.068181105,0.095923336
YOR264W,Med16_down,1.605588995,0.604264407,1.443520531,0.126902934,-0.04218806,0.042876256
YOR288C,Med16_up,2.298163267,1.309858851,1.713696034,0.07974609,-0.054174915,-0.100464236
YOR289W,Med16_up,0.87285702,0.145218095,0.001669156,-0.958048835,-1.071977331,-1.199641451
YOR291W,Med16_up,1.568363818,1.296149551,1.146867678,0.134831287,-0.069533588,-0.021576319
YOR298C-A,Med16_down,4.109939289,2.568696419,3.841870687,0.456191371,-0.009983997,0.209511996
YOR299W,Med16_up,1.270258823,0.292148309,1.996271012,0.223981199,0.070739786,0.07244164
YOR302W,Med16_down,1.195706754,0.24162328,1.590006923,0.094361718,-0.147268296,0.128127168
YOR303W,Med16_down,1.447786442,0.771060126,1.500591335,0.033558293,-0.12607641,0.026311611
YOR309C,Med16_down,-0.183937563,-0.225697982,-0.158179692,0.292125469,0.262982718,0.40424808
YOR313C,Med16_up,0.282377686,0.181078141,0.083689493,-0.066177357,-0.056827863,0.038486427
YOR316C,Med16_up,2.415320736,2.153290184,1.888851287,0.018119352,0.058916428,0.116151605
YOR317W,Med16_up,1.614261145,0.371489811,1.365228687,-0.264477193,-0.40619071,-0.096932364
YOR321W,Med16_up,0.90571728,0.77714746,0.641977566,0.296042772,0.205913278,0.198832635
YOR328W,Med16_up,2.795789074,2.503225234,2.491881115,0.268863711,0.020989514,0.079109808
YOR334W,Med16_up,1.642389522,1.996170904,1.246574923,0.266189956,0.230455543,0.168465988
YOR343C,Med16_up,0.132912586,0.367547775,-0.772813275,-0.001667997,0.355539318,-0.199698556
YOR346W,Med16_up,0.872471754,1.044638914,0.561511032,0.035070141,-0.049795283,-0.096288606
YOR347C,Med16_up,2.072202808,2.548381748,1.374863987,0.057047399,-0.007715896,-0.067468927
YOR348C,Med16_up,-0.779348244,-0.898536824,-0.104630345,0.055268203,0.092333746,0.074319822
YOR349W,Med16_up,1.240449977,0.906401724,1.269682796,0.120150415,-0.070651378,0.13031492
YOR350C,Med16_up,2.129502298,2.141824465,1.464018164,0.130885895,-0.028265806,0.086062966
YOR353C,Med16_up,2.069660899,2.433243521,1.549371787,0.069267803,-0.021113174,-0.033666137
YOR356W,Med16_up,0.346930329,0.128114439,0.2691157,-0.097300477,-0.218742845,-0.114172851
YOR358W,Med16_up,1.292664881,0.7793858,0.882350808,0.24387653,0.072161998,0.137850855
YOR367W,Med16_up,0.407366528,0.141300207,0.319326028,0.068360127,0.032308857,-0.028695883
YOR368W,Med16_up,0.747706951,0.669759835,0.522852563,-0.056026223,0.084636045,0.130807058
YOR380W,Med16_up,0.895369031,1.08260554,0.517237251,0.198007467,0.03640906,0.15533788
YOR382W,Med16_up,2.598156422,1.708035511,2.269990163,0.064296202,-0.143548055,0.012714863
YOR383C,Med16_up,2.701687701,1.899297259,2.099580057,0.060759794,-0.260872532,-0.244289372
YOR385W,Med16_down,1.795782613,1.876482247,1.233396698,0.044812436,0.045366124,-0.006565963
YPL003W,Med16_up,3.832880135,2.659191762,2.98344448,0.26837372,0.281507217,0.100853388
YPL019C,Med16_down,2.278322924,0.829565581,1.902922645,0.099455847,0.007158329,0.286637849
YPL024W,Med16_up,1.19822994,0.733797703,1.698906755,0.031036431,-0.051640261,-0.069238511
YPL026C,Med16_up,2.38030988,2.558288915,1.652026172,-0.138870466,-0.56956901,-0.205877678
YPL039W,Med16_up,0.472256006,0.497541274,0.283729786,0.238580757,0.09703586,0.087758298
YPL052W,Med16_up,0.497586138,0.693169526,0.256346756,0.187448999,0.043981152,0.068083382
YPL055C,Med16_up,0.268215975,0.84004903,0.038800899,-0.219445779,-0.403520595,-0.134518113
YPL058C,Med16_up,2.079260031,1.627119703,1.302479256,0.08799148,-0.086713449,0.126657864
YPL060W,Med16_up,0.053851508,0.324775615,-0.338589137,-0.807949947,-1.021317189,-0.949236136
YPL068C,Med16_up,0.102960185,-0.193869027,1.129865652,-0.09342642,-0.467345958,-0.285855112
YPL070W,Med16_up,2.165485861,2.286666235,1.421269446,0.040802414,-0.064678868,0.048897483
YPL078C,Med16_up,1.745943622,1.594842983,1.114589272,-0.034099509,-0.112042993,0.094473152
YPL089C,Med16_up,1.304014127,1.27845004,0.724219272,-0.212587155,-0.078005127,-0.139126996
YPL107W,Med16_up,1.039399041,1.23712553,0.580558445,0.071360794,0.019619915,0.048538584
YPL134C,Med16_up,0.504860553,0.492177495,0.132014494,-0.145779275,-0.257150769,-0.188032217
YPL137C,Med16_up,2.154106115,1.24403675,2.419775802,0.139356237,-0.158743834,-0.073271145
YPL141C,Med16_up,2.290635073,1.963936321,1.810849365,0.143780538,-0.028907748,0.013211862
YPL165C,Med16_down,0.428428413,0.839547135,0.509131494,-0.092441297,0.020827247,0.074797455
YPL171C,Med16_down,-0.972537707,-1.163857099,-0.419532876,0.145228566,0.13177418,0.312597771
YPL181W,Med16_up,-0.346637591,-0.548144428,-0.211120248,-0.002721096,0.012736294,0.120904531
YPL186C,Med16_up,0.87216471,0.391778945,0.437363019,0.127862418,-0.210026715,-0.122164119
YPL189W,Med16_up,-0.346115339,-0.175429058,0.326583128,0.290975025,0.182506602,0.354616322
YPL219W,Med16_up,0.758960334,0.666102941,0.450554163,0.232816531,0.259535086,0.233413274
YPL222W,Med16_up,-2.081902633,-1.166515441,-1.6692584,0.165230447,0.027969871,0.046813925
YPL230W,Med16_up,1.922344141,0.642763438,1.121716914,0.205061651,0.081810498,0.238371662
YPL232W,Med16_up,0.754118888,0.058870382,0.426227975,-0.219770438,-0.288515779,0.061394291
YPL240C,Med16_down,4.484737565,1.23224999,4.189682393,0.2103878,-0.088393224,0.028152948
YPL241C,Med16_up,-2.020879076,-2.14920304,-1.42353537,-0.011942107,0.331311736,0.126015955
YPL250C,Med16_down,2.956723507,1.471886824,2.802484245,0.187949161,-0.148689522,0.017392021
YPL255W,Med16_up,0.864458042,0.706774519,1.295856434,0.242615401,0.085120009,0.255255158
YPL258C,Med16_up,1.011044449,1.244456082,0.664468299,-0.009001023,-0.040924633,-0.005929021
YPL262W,Med16_up,1.061518034,0.902328415,0.710855452,-0.079833309,-0.082208877,0.0341513
YPL271W,Med16_up,0.11460589,-0.015991278,0.016242608,-0.129246448,-0.135802,-0.041970547
YPL272C,Med16_up,1.37016091,1.464575202,0.809317564,0.055463615,-0.032098207,0.153159796
YPL274W,Med16_down,0.603010145,-0.493143314,0.650051899,-0.381525953,-0.335049355,-0.384317955
YPR001W,Med16_up,-0.041456851,0.139832835,0.56169961,0.433187485,0.260771243,0.287343712
YPR006C,Med16_up,-1.226991592,-0.806106732,-0.909003734,-0.042716524,0.093351404,0.097068185
YPR007C,Med16_up,-0.098466505,-0.037096739,-0.071914364,0.002665686,-0.127772099,-0.128373307
YPR010C-A,Med16_up,1.156309538,1.220197124,0.36108779,-0.283014491,-0.295407023,-0.20803463
YPR013C,Med16_up,0.779535725,0.552177586,0.560560915,-0.169374108,-0.286203519,-0.139024728
YPR020W,Med16_up,0.667067943,0.727561785,0.419796597,0.141051543,0.158534651,0.134881215
YPR030W,Med16_up,0.155747294,-0.050291958,0.545200668,0.495629799,0.378328679,0.574239823
YPR037C,Med16_up,0.263994976,0.913613758,-0.441041987,-0.454329778,-0.862601507,-0.421421097
YPR061C,Med16_up,1.160530137,0.948557688,0.926633294,0.227570416,-0.06595619,0.116879261
YPR065W,Med16_down,2.634210657,1.728130057,2.489009768,0.262010546,-0.11919948,0.002354277
YPR075C,Med16_up,1.65928733,1.934275773,0.80784191,-0.027851424,-0.093115751,0.080989138
YPR079W,Med16_up,-0.273086907,0.044722348,-0.959589526,-0.447788698,-0.39478104,-0.3744612
YPR081C,Med16_up,0.79417611,0.912803615,0.417587807,-0.134732877,-0.27925805,-0.29283829
YPR082C,Med16_up,0.533006618,0.497525211,0.341782825,0.085278689,0.042254997,0.134138226
YPR083W,Med16_up,1.008422463,1.00434118,0.783836165,-0.020061862,0.116285799,0.00083938
YPR145C-A,Med16_up,0.393687084,0.408750633,0.366920696,0.115989286,0.245879754,0.122426436
YPR145W,Med16_down,3.571208452,3.061326856,3.090070947,0.419558142,0.125297037,0.270292332
YPR148C,Med16_up,0.603702328,0.49897351,0.474859886,0.085493452,0.087580647,-0.055654076
YPR151C,Med16_up,-0.613344393,-0.01675529,-0.187121983,0.310362237,0.235968823,0.212240424
YPR152C,Med16_up,0.441301061,0.605159075,-0.169742133,-0.161104764,-0.118584935,-0.166746756
YPR155C,Med16_up,0.897196434,0.721576257,0.549747974,-0.098021005,-0.230662575,-0.257534241
YPR156C,Med16_up,2.83883669,2.722525319,1.839931564,0.227585213,0.086543294,0.125942304
YPR157W,Med16_up,0.657073018,1.166008367,-0.175605606,-0.196417547,-0.119683031,-0.06025295
YPR158W,Med16_down,2.296277428,0.45047029,2.598823772,0.172620934,-0.108517268,-0.035293716
YPR159W,Med16_up,2.627406284,2.724792557,1.989096289,0.138203328,-0.004440512,0.12549962
YPR160W,Med16_up,2.473377698,0.643226121,1.725885293,0.002723549,-0.119765156,-0.022098773
YPR190C,Med16_up,2.707697387,2.326364088,1.84257823,0.201113275,0.176062476,0.289696623
YPR191W,Med16_up,2.163095998,2.14771785,1.561943096,0.157016713,-0.01461767,0.03751504
YPR193C,Med16_up,0.248339977,0.222045796,0.262622616,0.062792006,0.078696771,-0.030234752
YPR194C,Med16_up,-1.349026144,-0.96724636,-0.860291613,-0.17098633,-0.164792064,0.011913592
YPR196W,Med16_up,1.016799653,0.886706736,0.762367485,0.016584461,0.090815149,-0.019833331